,sequence
0,RCLCGRGIC
1,RCLCRRRFC
2,RCLCVLRVC
3,RCICTLRFC
4,RCICVLRFC
5,RCLCTLRVC
6,EPFKISIHL
7,RCLCRRGVC
8,AWKLFDDGV
9,PFWRIRIRR
10,RCICRLGVC
11,FPAHKCICY
12,GVVPHDFRI
13,ALRLAIRKR
14,RCLCTRGVC
15,RCICTRRVC
16,RCICGLGFC
17,RCICTLGFC
18,RCICRLRVC
19,RCLCGRRFC
20,DYHHGVRVL
21,RCICGRGFC
22,PGMGIYLPM
23,RCICGLRFC
24,RCICVRGVC
25,IIIQYEGHKH
26,AAGMGFFGAR
27,KQTENLADTY
28,FIMDLLGKIF
29,GILDAITGLL
30,LRPAILVRIK
31,GLLKRIKTLL
32,NAGSLLSGWG
33,SRSELIVHQR
34,LLGGLLQSLL
35,MCTHPLDCSN
36,NVGFYKKFDY
37,KHFGKDSNFPF
38,KGYFYFLFKFK
39,RSLCLLHCRLK
40,EPNPDEFFGLM
41,FQWQRNMRKVR
42,RVCYAIPLPIC
43,IFGAIWNGIKS
44,KKLLKWLKKLL
45,AVPDVAFNAYG
46,FKAFKAFKAFKA
47,PKRKSATKGEPA
48,ILRWPWWAWRRK
49,ILRAPWWPWRRK
50,RCLCRRGVCQLL
51,GIADILKYGKPS
52,GMWSKILGHLIR
53,KLCQRPSGTWSG
54,LNWGAILKHIIK
55,ILPILSLIGGLL
56,YSKSLPLSVLNP
57,GLLDALSGILGL
58,VFPAHKCICYFP
59,ILRWPWWPARRK
60,GIHDILKYGAPS
61,ILRWPWWPWARK
62,SWVQEYVYDLEL
63,SRSELIVHQRMK
64,CIRLEKARHGSC
65,FCKSLPLPLSVK
66,ILKKWPWWPWRR
67,ILRRWPWWPWRK
68,RLCRIVVIRVCR
69,RVCFAIPLPICH
70,FLPILGKLLSGIL
71,ILRWPWWPWRRKM
72,ILGKIAEGIKSLF
73,KARHGSCNYVFPA
74,FLPFFASLLGKLL
75,ILGKIWKGIKSLF
76,FLPILGNLLSGLL
77,GLFDIIKKIAESI
78,FLPLILRKIVTAL
79,GLFDIVKKLVSDF
80,ILRRWVWWVWRRK
81,FLPLLGNLLRGLL
82,ILGKFCDEIKRIV
83,FLPLVGKILSGLI
84,FLPFVGNLLKGLL
85,QKIAEKFSGTRRG
86,ILGKIWEGIKSIF
87,LEKARHGSCNYVF
88,PLYKKIIKKLLES
89,FLPFFASLFSGLF
90,FLPIVGKLLSGLL
91,FMPILSCSRFKRC
92,IFGAIWKGISSLL
93,LLPIVGNLLKSLL
94,FLPFLKSILGKIL
95,FFKKWPWWPWRRK
96,FLPILGKLLSGLL
97,FLPIVTGLLSSLL
98,WGIRRILKYGKRS
99,ILGKILEGIKSLF
100,ILRRWPWWPWRRR
101,FLPLFASLIGKLL
102,FFGSVLKLIPKIL
103,FLPIPRPILLGLL
104,AGFVLKGYTKTSQ
105,FITGLISGLMKAL
106,FLPIIGKLLSGLL
107,IIPLPLGYFAKKT
108,FLSGIVGMLGKLF
109,RLFRHAFKAVLRL
110,LLPILGNLLNGLL
111,EGVNDNEEGFFSA
112,WNDTGKDADGAEY
113,IRLEKARHGSCNY
114,GFSPNLPGKGLRIS
115,INWLKLGKKMMSAL
116,FRPALIVRTKGTRL
117,GILGKLWEGFKSIV
118,NILNTIINLAKKIL
119,FLPILINLIHKGLL
120,KRLFKELFFSLRKY
121,IRLEKARHGSCNYV
122,FLKPLFNAALKLLP
123,LKKLLKKLKKLLKK
124,INLKAIAPLAKKLL
125,FIITGLVRGLTKLF
126,KLYRKFKNKLLKLK
127,INLKAIAALAKKLL
128,ARHGSCNYVFPAHK
129,LRLRLRLRLRLRLR
130,NFLDTLINLAKKFI
131,HGSCNYVFPAHKCI
132,KDLHTVVSAILQAL
133,SILPTIVTFLSKFL
134,INLKAIAAMAKKLL
135,ILKKWPWWPWKWKK
136,SCNCVCGFCCSCSP
137,APPPGYAMESDSFS
138,VIVKAIATLSKKLL
139,INWLKLGKAIIDAL
140,KLKKALRALARHWK
141,FLPPSPWKETFRTS
142,LGPALITRKPLKGKP
143,ILPWKWPWWPWRRWR
144,ILPWKWPWWPWKKWK
145,ILPWKWPWWPWRKWR
146,GWINEEKIQKKIDEP
147,INLKALAALAKKIIL
148,RRIYRAIRHIPRRIR
149,DTHISEKIIDCNDIG
150,VNWKKVLGKIIKVAK
151,CIRLEKARHGSCNYV
152,PEDPQRRYQEEQRRE
153,KWKLFKKIGAVLKVL
154,KWKLFKKLKVLTTGL
155,QKIQEIDLQTYLQPQ
156,EQPGGDKVNLGYFTN
157,RAIRRAIRGAPRAIL
158,LTCDLLSFEAKGFAA
159,GFGSLFKFLAKKVAK
160,NYVFPAHKCICYFPC
161,VDKPDYRPRPWPRPN
162,VNWKKILGKIIKVVK
163,GLLDIVKKVVGAFGSL
164,ILPWKWPPWPPWPWRR
165,GLFDIVKKVVGAFGSL
166,FFPIGGKLLSGLTGLL
167,GSSKSPSKKKKKKPGD
168,FIGKLISAASGLLSHL
169,KARHGSCNYVFPAHKC
170,GLFDIIKKVASVIGGL
171,IGEDVYTPGISGDSLR
172,LRRGGRWILAIPREIL
173,EKARHGSCNYVFPAHK
174,LKLKLKLKLKLKLKLK
175,RGGRLCYCRRRFCICV
176,FLPIAGKLLSGLSGLL
177,GCSRWIIGIHGQICRD
178,ILPWKWPWWPWWPWRR
179,GLVGTLLGHIGKAILG
180,GLLDFAKHVIGIASKL
181,AAFRGCWTKNYSPKPCL
182,ILKKWPWWPWPPFFRRK
183,GFLSALKKYLPIVLKHV
184,FFSLIPSLIGGLVSAIK
185,ILGPILGLVSNALGGLL
186,WCFAVCRRGRCRYKCRR
187,KARHGSCNYVFPAHKCI
188,GVVKVSLRKGESLRARL
189,GIGSLLAKAAKLGANLL
190,INWKKIAEIGKQVLSAL
191,ALYNSEDLYEETSDSDD
192,PDPAKTAPKKKSKKAVT
193,GVGSFIHKVVSAIKNVA
194,RPRCWIKIKFRCKSLKF
195,GATAIKQVKKLFKKWGW
196,GLIKIVPAMICAVTKKC
197,GLFDIVKKIAGHIASSI
198,IKIMDILAKLGKVLAHV
199,FLSLIPSLVGGSISAFK
200,FLGMIPGLIGGLISAFK
201,FFPLLFGALSSHLPKLF
202,EKARHGSCNYVFPAHKC
203,LFSLIPHAIGGLISAFK
204,ATKKNGRKLCLDLQAAL
205,NLLGSLLKTGLKVGSNLL
206,GKPRPYSPIPTSPRPIRY
207,KNLRRTIRKIIHIIKKYG
208,LSLIPHAINAVSAIAKHF
209,GICYCICGRGICRCICGR
210,KNLRRIGRKIIHIIKKYG
211,NALSSPRNKCDRASSCFG
212,ECRRLCYKQRCVTYCRGR
213,GICRCICGKRICRCICGR
214,GGLIKIVPAMICAVTKKC
215,QCRRLCYKQRCVTYCRGR
216,GSNKGFNFMVDMIQALSN
217,RRWCFRVCYRGFCRYFCR
218,KNLRRIARKIIHIIKKYG
219,RRGLLEVIRTVILLLRRL
220,RCICGRGICRCICGRGIC
221,FLFSLIPHAIGGLISAFK
222,GFCRCLCRRGVCRCICTR
223,KWKLFKKIPKFLHSAKKF
224,FLPLIGKCCCCCCILGTI
225,RRWCFRVCYKGFCRYKCR
226,RCVCTRGFCRCFCRRGVC
227,RYICRCICGRGICRCICG
228,KNLRRIIRKGIRIIKKYG
229,FLGGLIGPLMSLIPGLLK
230,FLPKLFAKITKKNMAHIR
231,KNLRRIIRKIAHIIKKYG
232,GICKCICGRRICRCICGR
233,PMFKCWRWQWRWKKLGAM
234,LSLIPHIVSGVASIAKHF
235,GVCRCICGRGVCRCICGR
236,RGGRLCYCRRRFCVCVGR
237,KNLRRITRKIIHIIKKYG
238,YHRLRDLLLIVRRIVCLL
239,LKLKLKLKLKLKLKLKLK
240,ALYKKFKKKLLKSLKRLG
241,GICYCICGKGICRCICGR
242,NALSMPRNKCNRALMCFG
243,FLSLIPHAINAISAIANHL
244,GKWKLFKKAFKKFLKILAG
245,LRKFRNKIKEKLKKIGQKI
246,NPFKELERAGQRVRDAIIS
247,LKLKSILGKLGVILSHLNK
248,GFVDLAKKVVGGIRNALGI
249,LLASDEEIQDVSGTWYLKA
250,CANSCSYGPLTWSCDGNTK
251,FLSLIPKIAGGIASLVKNL
252,GFGKAFHSVSNFAKKHKTA
253,GIGGKPVQTAFVDNDGIYD
254,KAYSMPRCKYLFRAVLCWL
255,FSLFFPYAALKWLRKLLKK
256,FLGLLPSIVSGAVSLVKKL
257,CKQSCSFGPFTFVCDGNTK
258,CPQTPRCTNYAEKGQCPPN
259,GLKKLLGKLLKKLGKLLLK
260,GSAQPYKQLHKVVNWDPYG
261,FLSLIPHAINAVSALVHHF
262,FLSLLPSLVSGAVSLVKIL
263,ASHGACHKRENHWKCFCYF
264,FLSLIPHAINAISAIAHHL
265,RRWCFIVCRRGRCYVACRR
266,MAARAAGLAARLAALALRA
267,FLSLIPHAINAVSAIAKHN
268,KGAAKGLLEVASCKLSKSC
269,RLGTALPALLKTLLAGLNG
270,GMASKGAIAGKIAKVALKAL
271,FLGGLIKRVPAMICAVRKKC
272,RHFCGGALIHARFVMTAASS
273,RNCESLSHRFKGPCTRDSNC
274,KFAKKFAKKFAKKFAKKFAK
275,VNPIILGVLPKFVCLITKKC
276,GWMSKIASGIGTFLSGVQQG
277,ILGPVLGLVSNALGGLIKKI
278,AALRGCWTKSIPPKPCPGKR
279,ILGPVIKTIGGVIGGLLKNL
280,ILGPVLSLVGNALGGLLKNE
281,MASRAAGLAARLARLALRAL
282,KSLRPRCWIKIKFRCKSLKF
283,TLKKPLLVLFFLGAISVSLC
284,GVGYKVVVTTTAAADDDDVV
285,LPSDATLVLDQTGKELDARL
286,GLFTLIKGAYKLDAPTVACN
287,TMKKSLLLIFFLGTISLSLC
288,RRENTQQHITARRAIRHPQY
289,IRLEKARHGSCNYVFPAHKC
290,KWKSFIKKLTDKFLHSAKKF
291,YHKLKLLLIVTKIVELLGKK
292,KKWWRRALQALKNGPALSNV
293,GSYDPRRQICVGDRRERKAA
294,GELDELVYLLDGPGYDPIHS
295,ILGPVLSLVGNALGGLIKKI
296,ILGPVLGLVGNALGGLIKNE
297,KWKSFKKKLTSKFLHSAKKF
298,GWANTLKNVAGGLCKITGAA
299,RHFCGGALIHARFVMTAASC
300,TLKKPMLLLFFLGTINFSLC
301,TSKKSMLLLFFLGTISLSLC
302,ILGPVLGLVGSALGGLIKKI
303,AALKGCWTKSIPPKPCFGKR
304,NFAEIFAAVNKLIKQGVVKG
305,KWKSFIKKLTKKFLHSAKKF
306,ICIFCCGCCHRSKCGMCCKT
307,VDKGSYLPRPTPPRPIYNRN
308,KWKSFIKKLTSKFLHSAKKF
309,KWNSFIKKLTSKFLHSAKKF
310,FLAKKVAKKLVSHVAQKQME
311,FLGGLIKIVPAMICAVRKKC
312,KKSMLLLFFLGTINLSLCEQ
313,FLGGLMKAFPALICAVTKKC
314,FLSLIPHAINAVSAIAKHFG
315,QSPAGQSRCGGFLVREDFVL
316,FFGAIAAALPHVISAIKNAL
317,VDKPPYLPRPPPPRRIYNNR
318,ILGPVLSLVGSALGGLIKKI
319,FLFRVASKVFPALIGKFKKK
320,LKKLLKKLLKKLLKKLLKKL
321,PLKKSMLLLFFLGTISLSLC
322,KWKSFIKKLTSKFLHSAKKL
323,PMKKPMLLLFFLGTISLSLC
324,TLKKSMLLLFFLGTISLSLC
325,GIWDTLKNVGKAVLGKVLENV
326,GLFGVLAKVAAHVVPAIAEHF
327,ILRWPWWPWRRKIMILKKAGS
328,TTPACFTIGLGVGALFSAKFC
329,GIWDTIKSMGKVFAGKILQNL
330,ITPATPFTPAIITEITAAVIA
331,GLLGSIFGAGKKIACALSGLC
332,GILSGLLGVGKMLVCGLSGLC
333,GIFGKILGVGKKVLCGLSGWC
334,GIFGKILGVGKKTLCELSGMC
335,VKRGLKLKLAKLAKKLAKLAK
336,FTMKKSLFLLFFLGTISLSLC
337,RVIEVVRGACRAIRHIPRRIR
338,LAKLAVKAIKGAIAGAKSAMG
339,GLLSGILGAGKNIVCGLSGLC
340,GIFSTVFKAGKGIVCGLTGLC
341,GMASKAGSVLGKITKIALGAL
342,RWCVYAYVRIRGVLVRYRRCW
343,SPRRRTPSPRRRRSQSPRRRR
344,GFMKYIGPLIPHAVKAISDLI
345,KFKKFKKFKKFKKFKKFKKFK
346,LLTRCNSFLWTLLRILQRILF
347,CLGVGSCNNFAGCGYAIVCFW
348,RRGLLEVIRTVILPRRLLDRL
349,ILKKWPWWPWRRIMILKKAGS
350,MKCKFCCNCRNLNGCGVCCDF
351,LIRELGIRIRRPIHRIARCAG
352,FALGAVTKLLPSLLCMITRKC
353,GHHPHGHHPHGHHPHGHHHPH
354,YHRLRDLLRIVTRIVELLGRR
355,GILSGVLGMGKKIVCGLRGLC
356,CLGIGSCNDFAGCGYAIVCFW
357,YHRLRDLLLIVRRIVCLLGRR
358,TLKKPLSLLFFLGTINLSLCQ
359,RVIRVVRGACRAIRHIPRRIR
360,GLLSGILGAGKHIVCGLSGLK
361,MKCKFCCNCCNMNGCGMCCDF
362,MKCKFCCNCCNFNGCGVCCDF
363,FLNALKNFAKTAGKRLKSLLN
364,FIHHIIGWISHGVRAIHRAIHG
365,GMATKAGTAFGKAAKAIIGAAL
366,IASKFLCTPGCAKTGSFNSYCC
367,CPAIQRCCQQLRNIQPPCRCCQ
368,TMKKPLLVLFFLGAISVSLCEQ
369,TSKKPLLLFFFLGTINLSLCEQ
370,FLGSIVGALASALPSLISKIRN
371,MKWKIGKKIGIGKFLHSAKKFN
372,GRAGLQFPVGRLLRRLLRRLLR
373,TLKKSLLLFFFLGTINLSLCEQ
374,ALPKKLKYLNLFNDGFNYMGVV
375,ITSHSLCTPGCAKTGSFNSFCC
376,IGKFLHAAKKFAKAFVAEIMNS
377,FFHHIFRAIVHVAKTIHRLVTG
378,FVGAALKVLANVLPPVISWIKQ
379,LGAWLAGKVAGTVATYAWNRYV
380,GSRYLCTPGSCWKLVCFTTTVK
381,RPGTLRLCTVAGWGRVSMRRGT
382,GWKKWLRKGAKHLGQAAIKGLAS
383,KKWKKFIKKIGIGAVLTTPGAKK
384,GLFGKSSVWGRKYYVDLAGCAKA
385,LPLIASLAANFVPKIFCKITKKC
386,LFKLLGKIIHHVGNFVHGFSHVF
387,GIGKFLHSAGKFGKAFLGEVMKS
388,GWRLLLKKAEVKTVGKLALKHYL
389,PEEMNKYLTALRHYINLVTRQRY
390,CYSAAKYPGFQEFINRKYKSSRF
391,LGALLGAAANIVPSLICKISRKC
392,GIGKYLHSAKKFGKAWVGEIMNS
393,FLTGVLKLASKIPSVLCAVLKTC
394,GVGKFLHSAKKFGQALVSEIMKS
395,AIAIFKRIAKINFKALMGEAVQT
396,FIHHIIGGLFSVGKHIHSLIHGH
397,IRPRPTARPPYINRPPNPFKPRW
398,GIGKFLHAAKKFAKAFVAEIMNS
399,GLVTGLLKTAGKLLGDLFGSLTG
400,FFHHIFRGIVHVGRTIHRLVTGG
401,GINTLKKVIQGLHEVIKLVSNHE
402,GLLSGILNTAGGLLGNLIGSLSN
403,CYREGGECLQRCIGLFHKIKCCK
404,GVVTDLLKTAGKLLGNLVGSLSG
405,LPIVAGLAANFLPKIVCKITKKC
406,CVWIPCISAAIGCSCKSKVCYRN
407,GLSQGVEPDIGQTYFEESRINQD
408,GLWQLIKDKIKDAATGFVTGIQS
409,LPAVIRVAANVLPTVFCAITKKC
410,GLFGVLAKVASHVVPAIAEHFQA
411,AAGKFLHSAKKFGKAFVGDIMNS
412,FFHHIFRGIVHVGKTIHRLVTGT
413,GLLRASSVWGRKYYVDLAGCAKA
414,GLWQKIKSAAGDLASGIVEGIKS
415,GNGVVLTLTHECNLATWTKKLKCC
416,FLSTALKVAANVVPTLFCKITKKC
417,GIGKFIHSAKKFGKAFVGEIMNSK
418,FLPLIAGLAANFLPKIFCAITKKC
419,FLPILASLAAKLGPKLFCLVTKKC
420,GIGALSAKGALKGLAKGLAEHFAN
421,FLPIIAGMAAKVIPSLFCAITKKC
422,LKKLLKKLLKKLLKKLLKKLLKKL
423,LLKELWTKMKGAGKAVLGKIKGLL
424,FLPVLAGLTPSIVPKLVCLLTKKC
425,LVSSIGRALGGLLADVVKSKGQPA
426,FLPIIAGIAAKVFPKIFCAISKKC
427,FWGALIKGAAKLIPSVVGLFKKKQ
428,RKGWFKAMKSIAKFIAKEKLKEHL
429,QLPFVAGVACEMCQCVYCAASKKC
430,NCIQQCVSKGAQGGYCTNEKCTCY
431,FLPLIASVAANLVPKIFCKITKKC
432,GFKDWIKGAAKKLIKTVASAIANQ
433,GLFGVLGSIAKHVLPHVVPVIAEK
434,FLPAIFRMAAKVVPTIICSITKKC
435,FLPVIAGVAAKFLPKIFCAITKKC
436,FLPAVIRVAANVLPTAFCAISKKC
437,FFPMLAGVAARVVPKVICLITKKC
438,FFPNVASVPGQVLKKIFCAISKKC
439,FLPAIVGAAGQFLPKIFCAISKKC
440,KRKCPKTPFDNTPGAWFAHLILGC
441,LKLKLKLKLKLKLKLKLKLKLKLK
442,FGSLFSLGSKLLPSVFKLFSRKKQ
443,FFPAIFRLVAKVVPSIICSVTKKC
444,FLPAIVGAAAKFLPKIFCVISKKC
445,FLPILAGLAAKIVPKLFCLATKKC
446,GWLPTFGKILRKAMQLGPKLIQPI
447,FLGLLFHGVHHVGKWIHGLIHGHH
448,IPWKLPATFRPVERPFSKPFCRKD
449,FIGPVLKIAAGILPTAICKIFKKC
450,FLPAVIRVAANVLPTVFCAISKKC
451,FIGPVLKMATSILPTAICKGFKKC
452,FLPAIVGAAAKFLPKIFCAISKKC
453,FLPILASLAAKFGPKLFCLVTKKC
454,RRWVRRVRRWVRRVVRVVRRWVRR
455,FLPLIAGVAASILPKIFCFITKKC
456,RFARRFARRFARRFARRFARRFAR
457,GLFSVLGSVAKHLLPHVAPIIAEKL
458,RRQGPIFDTRPSPFNPNQPRPGPIY
459,DSHAKRHHGYKRKFHEKHHSHRGYR
460,CGETCVGGTCNTPGCSCSWPVCTRN
461,GAWKNFWSSLRKGFYDGEAGRAIRR
462,CGETCVTGTCYTPGCACDWPVCKRD
463,KWKSFIKKLTSAAKKVTTAAKPLTK
464,NQGRHFCGAALIHARFVMTAASCFQ
465,NLVSGLIEARKYLEQLHRKLKNCKV
466,GLFGVLGSIAKHVLPHVVPVIAEKL
467,GWASKIGQTLGKIAKVGLKELIQPK
468,GIGGALLSAGKAALKGLAKGFAEHF
469,DTHFPIYIFCCGCCHRSKCGMCCKT
470,RWGKWFKKATHVGKHVGKAALTAYL
471,KLKNFAKGVAQSLLNKASCKLSGQC
472,GLFKVLGSVAKHLLPHVAPIIAEKL
473,RLLTWLFSNCRTLLSRVYQILQPIL
474,GLLGAMFKVASKVLPHVVPAITEHF
475,GWASKIGQTLGKIAKVGLQGLMQPK
476,GLLSNVAGLLKQFAKGGVNAVLNPK
477,GWASKIGQALGKVAKVGLQQFIQPK
478,GLWSKIKEAAKTAGKAAMGFVNEMV
479,SIGSAFKKAAHVGKHVGKAALTHYL
480,GLRKRLRKFRNKIKEKLKKIGQKIQ
481,DTNFPICIFCCKCCNNSQCGICCKT
482,GLLSVLGSVVKHVIPHVVPVIAEHL
483,KLKNFAIGVAQSLLNKASCKLSGQC
484,GLVSSIGRALGGLLADVVKSKEQPA
485,NQGRHFCGGALIHARFVMTAARCFQ
486,GLVSSIGRALGGLLADVVKSKGQPA
487,YVRSLLTRCNSFLWTLLRILQRILF
488,ADPTFGFTPLGLSEKANLQIMKAYD
489,NQGRHFCGGALIHARFVMTAATCFQ
490,NQGRHFCGGALIHARFAMTAASCFQ
491,GMFSVLKNLGKVGLGFVACKINKQC
492,WLGSALKIGAKLLPSVVGLFQKKKK
493,LIGKTVAKEAGKTGLEFMACKITNQC
494,GLWNKIKEAASKAAGKAALGFVNEMV
495,KWKSFIKKLTSAAKKVVTTAKPLISS
496,GWKKWFNRAKKVGKTVGGLAVDHYLG
497,QCVGTITLDQSDDLFDLNCNELQSVR
498,GWGSIFKHIFKAGKFIHGAIQAHNDG
499,QKLCQRPSGTWSGVCGNNNACRNQCI
500,CGETCKVTKRCSGQGCSCLKGRSCYD
501,GIGAILKVLATGLPTLISWIKNKRKQ
502,KWKEFIKKLTTAVKKVLTTGLPALIS
503,FWGALAKGALKLIGPGSLFSSFSKKD
504,KWKSFIKKLTSVLKKVVTTALPALIS
505,GIGAVLKVLATGLPALISWIKRKRQQ
506,GIWGTALKWGVKLLPKLVGMAQTKKQ
507,KWKKFIKNLTKGGSKILTTGLPALIS
508,GLWKNMLSGIGKLAGEAALGAVKTLV
509,VAHGIVSYGKSSGVPPEVFTRVSSFL
510,VAPIAKYLATALAKWALKQGFAKLKS
511,KIKWFKTMKSLAKFLAKEQMKKHLGE
512,GIGAVLKVLTTGLPALISWIKRKRQQ
513,KWKLFKKIGIGAVLKVLTTGLPALIS
514,GWKSVFRKAKKVGKTVGGLALDHYLG
515,GLGSLLGKALKFGLKAAGKFMGGEPQQ
516,GIGAVLKVLTTGLPALISWIKRKRQQC
517,GLASFLGKALKAGLKIGSHLLGGAPQQ
518,SAISCGETCFKFKCYTPRCSCSYPVCK
519,GIGASILSAGKSALKGFAKGLAEHFAN
520,GIGASILSAGKSALKGLAKGLAEHFAN
521,GIGTKILGGVKTALKGALKELASTYVN
522,GIGRKFLGGVKTTFRCGVKDFASKHLY
523,GIGTKILGGVKTALKGALKELASTYAN
524,GMISLSLCEQERDADEEENGVEDKVED
525,GIGGVLLGAGKATLKGLAKVLAEKYAN
526,LWKDLLKNVGIAAGKAVLNKVTDMVNQ
527,RNKLAYNMGHYAGKATIFGLAAWALLA
528,GIGGKILGGLRTALKGAAKELAATYLH
529,CGETCLFIPCIFSVVGCSCSSKVCYRN
530,MRKEFHNVLSSGQLLADKRPARDYNRK
531,AGETHTVMINHAGRGAPKLVVGGKKLS
532,QKLCERPSGTWSGVCGNNNACKNQCIN
533,GIGGALLSAGKSALKGLAKGLAEHFAN
534,STIVCVSLRICNWSLRFCPSFKVRCPM
535,GIGGKILGGLKTALKGAAKELASTYLH
536,LWETLRRGGRWILAIPRRIRQGLELTL
537,CGETCIYIPCFTEAVGCKCKDKVCYKN
538,CAETCIYIPCFTEAVGCKCKDKVCYKN
539,GLMDMVKGAAKNLFASALDTLKCKITGC
540,GIACGESCVFLGCFIPGCSCKSKVCYFN
541,LLSEVYQILQPILQELSATLQRIREVLR
542,ALFSILRGLKKLGNMGQAFVNCKIYKKC
543,TISLSLCDQERNADEEERGDEEVAKMEE
544,GLWKSLLKNVGVAAGKAALNAVTDMVNQ
545,GLKDWWNKHKDKIIAVAKEMGKAGLQAA
546,GIMDSVKNAAKNLAGQLLDTIKCKITAC
547,KKAKKKAKKKAKKKAKKKAKKKAKKKAK
548,LIRRLGQRIRRPIHRIARCAGQVVEIVR
549,GLLSGILGAGKNIVCGLSGLLKLESEII
550,ADDRCERMCQRYHDRREKKQCMKGCRYG
551,LTTKLWSSWGYYLGKKARWNLKHPYVQF
552,GIMDSVKGLAKNLAGKLLDSLKCKITGC
553,GLKDWWNKHKDKIVEVVKEMGKAGLNAA
554,ILRWPWWPWRRKILMRWPWWPWRRKMAA
555,FKCWRWQWRWKKLGAKVFKRLEKLFSKI
556,GLKDWWNKHKDKIIDVVKEMGKAGLQAA
557,GLWSTIKNVGKEAAIAAGKAALGALGEQ
558,MGKNGSLCCFSLLLLLLLAGLASGHQVL
559,FLAKKVAKTVAKQAAKQGAKYVANKHME
560,GLKDWWNKHKDKIVEVVKDSGKAGLNAA
561,IKIPAVVKDTLKKVAKGVLSAVAGALTQ
562,GLMDTIKGVAKNVAASLLEKLKCKVTGC
563,HSDAVFTDNYTRLRKQMAVKKYLNSILN
564,CAWYNISCRLGNKGAYCTLTVECMPSCN
565,ALWKSLLKNVGVAAGKAALNAVTDMVNQ
566,GETCAGGTCNTPGCSCSWPICTRNGLPVC
567,TVVRRRGRSPRRRTPSPRRRRSQSPRRRR
568,GEIPCGESCVYLPCFLPNCYCRNHVCYLN
569,GNIPCGESCIFFPCFNPGCSCKDNLCYYN
570,GFMATAKNVAKNMDVTLLDNLKCKITKAC
571,RQKGFCAFLKCPSLTIISGKCSRFHFCCK
572,FLSFPTTKTYFPHFDLSHGSAQVKGHGAK
573,GLPTCGETCTLGTCYVPDCSCSWPICMKN
574,ALLDKLKSLGKVVGKVAIGVAQHYLNPQQ
575,GLPVCGETCAFGSCYTPGCSCSWPVCTRN
576,RCRSCVPFCGSNERMISTCFSGGVVCCPR
577,GLPVCGETCVGGTCNTPGCTCSWPVCTRD
578,TCVGGTCNTPGCSCSWPVCTRNGVPICGE
579,RIAGYGLRGLAVIIRCIIRGLNLIFEIIR
580,LKLSPKTKDTLKKVLKGAIKGAIAIASMA
581,ALLDKLKSLGKVVGKVALGVVQNYLNPRQ
582,RVKRFWPLVPVAINTVAAGINLYKAIRRK
583,VNHALCAAHCIARRYRGGYCNSKAVCVCR
584,GLWSKIKEAGKAAVKAAGKAALGAVANSV
585,AIPCGESCVWIPCISTVIGCSCSNKVCYR
586,GIFDKLKNFAKGVAQSLLNKASCKLSGQC
587,GLWKSLLKNVGKAAGKAALNAVTDMVNQS
588,ALWKNMLKGIGKLAGQAALGAVKTLVGAE
589,KIAGYGLKGLAVIIKICIKGLNLIFEIIK
590,GILDSLKNLAKNAAQILLNKASCKLSGQC
591,SIGSALKKALPVAKKIGKIALPIAKAALP
592,GLWSKIKTAGKSVAKAAAKAAVKAVTNAV
593,GFMDTAKNAARNVAVTLLDKLKCKITGGC
594,IEGRFKCRRWQWRMKKLGAPSITCVRRAF
595,RGLRRLGRKIAHGVKKYGPTVLRIIRIAG
596,FAEPLPSEEEGESYSKEPPEMEKRYGGFM
597,CGESCVYIPCISGVIGCSCTDKVCYLNTP
598,ASIVKTTIKASKKLCRGFTLTCGCHFTGKK
599,GIPCGESCVFIPCISSVVGCSCKSKVCYLD
600,AISCGQVSSAIGPCLSYARGQGSAPSAGCC
601,GDVHAQTTWPCATVGVSVALCPTTKCTSQC
602,ACYCRIPACLAGERRYGTCFYLGRVWAFCC
603,GNAACVIGCIGSCVISEGIGSLVGTAFTLG
604,GTPCGESCVYIPCFTAVVGCTCKDKVCYLN
605,PDFKLPGMKYPIPATTPPFVPKRSRFPIYA
606,AFFARLLASVRAAVKAFAKKPRLIGLSTLL
607,GAFGNLLKGVAKKAGLKILSIAQCKLSGTC
608,GTPCGESCVWIPCISSAVGCSCKNKVCYKN
609,GIPCGESCVFIPCLTSAIDCSCKSKVCYRN
610,CGESCVWIPCTITALAGCKCKSKVCYNSIP
611,GAFGDLLKGVAKEAGLKLLNMAQCKLSGNC
612,CGESCVWIPCLTSAVGCSCKSKVCYRNGIP
613,GIPCGESCVWIPCLTSTVGCSCKSKVCYRN
614,GLPVCGETCFGGTCNTPGCSCSSWPICTRN
615,TCFGGTCNTPGCSCDPWPMCSRNGLPVCGE
616,GIPCGESCVYIPCLTSAIGCSCKSKVCYRN
617,GIPCGESCVWIPCLTSAIGCSCKSKVCYKD
618,ACYCRIPACLAGERRYGTCFYLRRVWAFCC
619,ACYCRIPACLAGERRYGTCFYRRRVWAFCC
620,GIPCGESCVFIPCITGAIGCSCKSKVCYRN
621,GLPTCGETCFGGTCNTPGCTCDPWPICTRD
622,GLPCGESCVFIPCITTVVGCSCKNKVCYNN
623,GLLLDTVKGAAKNVAGILLNKLKCKMTGDC
624,TCGETCFGGTCNTPGCTCDPWPICTRDGLP
625,CSTNTFSLSDYWGNKGNWCTATHECMSWCK
626,GWKDWAKKAGGWLKKKGPGMAKAALKAAMQ
627,GLPVCGETCFGGTCNTPGCTCDPWPVCTRN
628,TLQPPSALRRRHYHHALPPSRHYPGREAQA
629,GLPTCGETCFGGTCNTPGCSCSSWPICTRD
630,AYPGNGVHCGKYSCTVDKQTAIGNIGNNAA
631,SLGPAIKATRQVCPKATRFVTVSCKKSDCQ
632,CGETCFTGTCYTNGCTCDPWPVCTRNGLPV
633,FVYGNGVTSILVQAQFLVNGQRRFFYTPDK
634,SCVFIPCISAAIGCSCKNKVCYRNGFPCGE
635,CGETCFGGTCNTPGCICDPWPVCTRNGLPV
636,KPWRFRRAIRRVRWRKVAPYIPFVVKTVGKK
637,GVIPCGESCVFIPCISTLLGCSCKNKVCYRN
638,GLLDSVKEGLKKVAGQLLDTLKCKISGCTPA
639,DWTCWSCLVCAACSVELLNLVTAATGASTAS
640,SASVLKTSIKVSKKYCKGVTLTCGCNITGGK
641,GTIPCGESCVFIPCLTSALGCSCKSKVCYKN
642,TINLSLCEQERNAEEERRDDLGERQAEVEKR
643,CARLNCVPKGTSGNTETCPCYASLHSCRKYG
644,ACYCRIGACVSGERLTGACGLNGRIYRLCCR
645,GTTVVNSTFSIVLGNKGYICTVTVECMRNCQ
646,TPATTSSWTCITAGVTVSASLCPTTKCTSRC
647,GFLSTVKNLATNVAGTVLDTIRCKVTGGCRP
648,CAETCIYIPCFTEAVGCKCKDKVCYKNSLDN
649,RVIRVVQRACRAIRHIVRRIRQGLRRILRVV
650,GTLPCGESCVWIPCISAVVGCSCKSKVCYKN
651,GVIPCGESCVFIPCISAAIGCSCKNKVCYRN
652,DIFCGETCAFIPCITHVPGTCSCKSKVCYFN
653,GIPCAESCVWIPCTVTALLGCSCKDKVCYLN
654,GLWDTIKQAGKKFFLNVLDKIRCKVAGGCRT
655,GTLPCGESCVWIPCISSVVGCSCKSKVCYKN
656,SLWETIKNAGKGFILNILDKIRCKVAGGCKT
657,SCASRCKSRCRARRCRYYVSVRYGGFCYCRC
658,LTSFKDMAIKVAKKAGLNILSTASCKLFGTC
659,GTVPCGESCVFIPCITGIAGCSCKNKVCYID
660,GFGVGDSACAAHCIARRNRGGYCNAKTVCVC
661,GFLDIINKLGKTFAGHMLDKIKCTIGTCPPSP
662,LLDTLKNMAINAAKGAGVSVLSALSCKLSKTC
663,SLGSFLKGVGTTLASVGKVVSDQFGKLLQAGQ
664,TWATIGKTIVQSVKKCRTFTCGCSLGSCSNCN
665,QSISCAESCVWIPCATSLIGCSCVNSRCIYSK
666,WKPFKKIEKAVRRVRDGVAKAGPAVAVVGQAT
667,ILDTFKNLALNAPKSAGVSVLNALSCKLSKTC
668,GILSTFKGLAKGVAKDLAGNLLDKFKCKITGC
669,FLDTLKNMAINAAKGAGVSVLNALSCKLDKSC
670,RTCRCRFGRCFRRESYSGSCNINGRISSLCCR
671,RADTQTYQPYNKDWIKEKIYVLLRRQAQQAGK
672,GILSSFKGVAKGVAKNLAGKLLDELKCKITGC
673,GMWSKIKNAGKAAKAAAKAAGKAALGAVSEAM
674,LGKKIERVGQHTRDATIQTIGVAQQAVNVAAT
675,KKCRERGGQCHSGVCSWNEKFIGFCSFARPCC
676,SPKMVQGSGCFGRKMDRISSSSGLGCKVLRRH
677,LVQRGRFGRFLKKVRRFIPKVIIAAQIGSRFG
678,DTTFCRCRVSCNILEKYSGKCELSGRTARICC
679,LIDTVKNMAINAAKSAGMSVLKTLSCKLSKEC
680,GILDSFKGVAKGVAKDLAGKLLDKLKCKITGC
681,GSPIQCAETCFIGKCYTEELGCTCTAFLCMKN
682,MPCSCKKYCDPWEVIDGSCGLFNSKYICCREK
683,GWLRKAAKSVGKFYYKHKYYIKAAWQIGKHAL
684,GFFAFIPKIISSPLFKTLLSAVGSALSSSGDQE
685,SIRDKIKTIAIDLAKSAGTGVLKTLICKLDKSC
686,GLLDTFKNLALNAPKSAGVSVLNSLSCKLSKTC
687,VNKIALLSTNKAVVSLSNGVSVLTSKVLDLKNY
688,GFMSTFKQVGISAIKGAAKNVLDVLSCKIAKTC
689,ALWKTMLKKLGTMALHAGKAALGAAADTISQTQ
690,TMKKPLLLLFFFGTISLSLCEQERDADEEEGSE
691,RRTCRCRFGRCFRRESYSGSCNINGRISSLCCR
692,SVMGTVKDLLIGAGKSAAQSVLKALSCKLSKDC
693,SIRDKIKTIAIDLAKSAGTGVLKTLICKLNKSC
694,VCSCRLVFCRRTELRVGNCLIGGVSFTYCCTRV
695,SFLTSFKDMAIKVAKDAGVNILNTISCKISKTC
696,VSCTCRRFSCGFGERASGSCTVNGVRHTLCCRR
697,GLLDTFKNMALNAAKSAGVSVLNSLSCKLSKTC
698,APRKNVRWCAISPPEGSKCYQWQKKMRKLGRPL
699,VTCFCKRPVCDSGETQIGYCRLGNTFYRLCCRQ
700,RRICRCRIGRCLGLEVYFGVCFLHGRLARRCCR
701,SVMGTVKDLLIGAGKSAAQSVLKSLSCKISNDC
702,SILSTLKDVGISAIKSAGSGVLSTLLCKLNKNC
703,GVLGTVKDLLIGAGKSAAQSTLKTLSCKISNDC
704,EVNKIALLSTNKAVVSLSNGVSVLTSKVLDLKN
705,DLVCYCRARGCKGRERMNGTCRKGHLLYMLCCR
706,GRKSDCFRKNGFCAFLKCPYLTLISGLCSFHLC
707,GLMSTFKQVGISAIKGAAQNVLGVLSCKLAKTC
708,SKWVTPNHAACAAHCLLRGNRGGQCKGTICHCR
709,SFGGKVGHSACAANCLSMGKAGGRCNGGVCQCR
710,GGTIFDCGETCFLGTCYTPGCSCGNYGFCYGTN
711,SFLDTVKNMALNAAKSAGVSVLKTLSCKLSKEC
712,GFKGAFKNVMFGIAKSAGKSALNALACKIDKSC
713,SKWFTPNHAACAAHCILLGNRGGHCVGTVCHCR
714,GLWSKIKEVGKEAAKAAAKAAGKAALGAVSEAV
715,VTCFCRRRGCASRERHIGYCRFGNTIYRLCCRR
716,SFLSTFKELAINAAKNAGQSLLHTLSCKLDKTC
717,SFLSTFKELAINAAKNAGQSILHTLSCKLDKTC
718,GFLDTFKNLALNAAKSAGVSVLNSLSCKLFKTC
719,GLLDTIKNMALNAAKSAGVSVLNSLSCKDSKTC
720,GILDTLKNLAISAAKGAAQGLVNKASCKLSGQC
721,LFCKGGSCHFGGCPSHLIKVGSCFRSCCKWPWNA
722,KRFKKFFKKLKKSVKKRAKKFFKKPRVIGVSIPF
723,KRFKKFFMKLKKSVKKRVMKFFKKPMVIGVTFPF
724,ALWFTMLKKLGTMALHAGKAALGAAANTISQGTQ
725,IGVIKLSLCEEERNADEEKRRDDPDEMDVEVEKR
726,GRLKKLGKKIEKAGKRVFNAVQKGLPVAAGVQAL
727,VFIDILDKVENAIHNAAQVGIGFAKPFEKLINPK
728,VCETCRLGRGKCRKICLESEKIYGNCRLNFFCCR
729,ITSISLCTPGCKTGALMGCNMKTATCNCSVHVSK
730,VFIDILDKMENAIHKAAQAGIGLAKPIENMILPK
731,DLGPPISLERLDVGTNLGNAIAKLEAKELLESSD
732,CIAKGNGCQPSGVQGNCCSGHCHKEPGWVAGYCK
733,GGLKKLGKKLEGAGKRVFNAAEKALPVVAGAKAL
734,PISLERLDVGTNLGNAIAKLEAKELLESSDQILR
735,GCASRCKAKCAGRRCKGWASASFRRRCYCKCFRC
736,ITSISLCTPGCKTGALMGCNMKTATCHCSIHVSK
737,KRFKKFFKKLKNSVKKRVKKFFRKPRVIGVTFPF
738,FKCRRWQWRMKKLGAPSITCVRRAFALECITIRA
739,GLLRKGGEKIGEKLKKIGQKIKNFFQKLVPQPEQ
740,NSVALDPIDISIELNKAKSDLEESKEWIRRSNQKL
741,GGLKKFGKKLEGVGKRVFKASEKALPVAVGIKALG
742,GFGCPNDYPCHRHCKSIPGRYGGYCGGAHRLRCTC
743,KWKIFKKIEKVGRNIRNGIIKAGPAVAVLGEAKAL
744,DFLEENITALLEEAQIQQEKNMYELQKLNSWDVFG
745,LKEAIRDTNKAVQSVQSSIGNLIVAIKSVQDYVNK
746,DPIDISIELNKAKSDLEESKEWIRRSNQKLDSIGN
747,RDVICLTQHGTCRLFFCHFGERKAEICSDPWNRCC
748,RWKIFKKIEKVGQNIRDGIVKAGPAVAVVGQAATI
749,LRDLVCYCRTRGCKRRERMNGTCRKGHLMHTLCCR
750,NKGCATCSIGAACLVDGPIPDFEIAGATGLFGLWG
751,RRFKKFLKKVEGAGRRVANAAQKGLPLAAGVKGLV
752,SIELNKAKSDLEESKEWIRRSNQKLDSIGNWHQSS
753,LRDLVCYCRSRGCKGRERMNGTCRKGHLLYMLCCR
754,GLFLNTVKDVAKDVAKDVAGKLLESLKCKITGCKS
755,GVYCTKNKCTVDRAKATTCIAGMSIGGFLGGAIPG
756,YYGNGVTCGKHSCSVDWGKATTCIINNGAMAWATG
757,KQARSDIEKLKEAIRDTNKAVQSVQSSIGNLIVAI
758,YYGNGVYCTKNKCTVDWAKATTCIAGMSIGGFLGG
759,SGRGKTGGKARAKAKTRSSRAGLQFPVGRVHRLLR
760,IFTLIKGAAKLIGKTVAKEAGKTGLELMACKITNQ
761,MTRILPCLFLVLLAAAPLLANPANPLNLKKHHGVF
762,KKWGWLAWVDPAYEFIKGFGKGAIKEGNKDKWKNI
763,SVALDPIDISIELNKAKSDLEESKEWIRRSNQKLD
764,RWKVFKKIEKVGRNIRDGVIKAAPAIEVLGQAKAL
765,GNEGGGHGGHGGYGGYHHHGGGGGGYGGYHGGGGS
766,LRDLVCYCRKRGCKRREHINGTCRKGHLLYMLCCR
767,NSQSCRRNKGICVPIRCPGSMRQIGTCLGAQVKCCR
768,KKIGKKIERVGQHTRDATQTIGVAQQAANVAATLKG
769,CIKNGNGCQPNGSQNGCCSGYCHKQPGWVAGYCRRK
770,TLKKSMLLLFFLGTISLSLCEQERNADEDDGEMTEE
771,LKLKLKLKLKLKLKLKLKLKLKLKLKLKLKLKLKLK
772,NPVTCLRSGAICHPGFCPRRYKHIGVCGVSAIKCCK
773,YPSKPDNPGEDAPAEDMARYYSALRHYINLITRQRY
774,CIKNGNGCQPNGSQGNCCSGYCHKQPGWVAGYCRRK
775,DPVTCLKNGAICHPVFCPRRYKQIGTCGLPGTKCCK
776,NPVTCLRSGAICHPGFCPRRYKHIGICGVSAIKCCK
777,NSVTCSKNGGFCISPKCLPGSKQIGTCSLPGSKCCK
778,GFGCPLNQGACHNHCRSIRRRGGYCSGIIKQTCTCY
779,NHRSCYRNKGVCAPARCPRNMRQIGTCHGPPVKCCR
780,YPPKPESPGEDASPEEMNKYLTALRHYINLVTRQRY
781,NHRSCHRIKGVCAPDRCPRNMRQIGTCFGPPVKCCR
782,SRRSCHRNKGVCALTRCPRNMRQIGTCFGPPVKCCR
783,IFTLIKGAAKLIGKTVAKEAGKTGLELMACKITNQC
784,CIGNGGRCNENVGPPYCCSGFCLRQPNQGYGVCRNR
785,LFCRKGTCHFGGCPAHLVKVGSCFGFRACCKWPWDV
786,DPVTCLKSGAICHPVFCPRRYKQIGTCGLPGTKCCK
787,NLVSALIEGRKYLKNVLKKLNRLKEKNKAKNSKENN
788,LLGDFFRKAREKIGEEFKRIVQRIKDFLRNLVPRTES
789,GVFTLIKGATQLIGKTLGKELGKTGLELMACKITNQC
790,ACDFQSCWVLCQRQYNIYFRRAYCEHSKCVCVYNYGG
791,GLFSILRGAAKFASKGLGKDLTKLGVDLVACKISKQC
792,GILSLIKNAAKFVGKNLHKQAGKGGLEHLACKAKNEC
793,WNPFKELERAGQRVRDAVISAAPAVATVGQAAAIARG
794,GLFTLIKGAAKLIGKTVAKEAGKTGLELMACKITNQC
795,LLGDFFRKAKEKIGKESKRIVQRIKDFLRNLVPRTES
796,GIFSLFKAGAKFFGKHLLKQAGKAGAEHLACKATNQC
797,GYGCPFNQYQCHSHCSGIRGYKGGYCKGLFKQTCNCY
798,WNPFKELERAGQRVRDAIISAGPAVATVGQAAAIARG
799,GKFSGFAKILKSIAKFFKGVGKVRKQFKEASDLDKNQ
800,GFGCPNDYPCHRHCKSIPGRCGGYCGGWHRLRCTCYR
801,GKFSVFSKILRSIAKVFKGVGKVRKGFKTASDLDKNQ
802,GLFTLIKGAVKMIGKTVAKEAGKTGLELMACKVTNQC
803,GIFSLFKAGAKFFGKNLLKEAGKAGAEHLACKAANQC
804,GKFSVFGKILRSIAKVFKGVGKVRKQFKTASDLDKNQ
805,GFGCPFNQYECHAHCSGVPGYKGGYCKGLFKQTCNCY
806,DQYKCLQHGGFCLRSSCPSNTKLQGTCKPDKPNCCKS
807,NNEAQCEQAGGICSKDHCFHLHTRAFGHCQRGVPCRT
808,RWKIFKKIEKVGRNVRDGIIKAGPAVAVVGQAATVVK
809,SVSCLRNKGVCMPGKCAPKMKQIGTCGMPQVKCCKRK
810,KWKLFKKIEKVGQNIRDGIIKAGPAVAVVGQATQIAK
811,DIQIPGIKKPTHRDIIIPNWNPNVRTQPWQRFGGNKS
812,ACDFQSCWVSCQRQYNIYFRRAYCEHSKCTCVYNYGG
813,SKRMEGHCEAECLTFEVKTGGCRAELAPFCCKNRKKH
814,GLGKAQCAALWLQCASGGTIGCGGGAVACQNYRQFCR
815,DVKGMKKAIKGILDCVIEKGYDKLAAKLKKVIQQLWE
816,TFCGETCRVIPVCTYSAALGCTCDDRSDGLCKRNGDP
817,NIFSLLSLGAKVLGKTLLKSAGKAGAEQLACKATNQC
818,RLGGFLQKAREKIARGFKKIGQKINDFLGKLAPRTEA
819,GLLSVFKGVLKTAGKNVAKNVAGSLLDQLKCKISGGC
820,RLGNFFRKVKEKIGGGLKKVGQKIKDFLGNLVPRTAS
821,LQDAALGWSRRCPRCPPCPNCRRCPRCPTCPSCNCNPK
822,KLIRKLIRWLRRKIRALQRAVAGPGVTIGIAHAKSQLW
823,SISCNFPDPFGGLICENHCAYIGKPGGQCSDQKVCTCN
824,KVPIGAIKKGGKIIKKGLGVLGAAGTAHEVYNHVRNRQ
825,GRLRNLIEKAGQNIRGKIQGIGRRIKDILKNLQPRPQV
826,LQDAAVGWGRRCPQCPRCPSCPSCPRCPRCPRCKCNPK
827,SICCSFPDPWGGLCCEDHCSYIGKPGGQCSDKGVCTCN
828,GYGCPNDYACSSYCSSIGRNGGYCGGFLWQTCKCNEKK
829,AKCIKNGKGCREDQGPPFCCSGFCYRQVGWARGYCKNR
830,NPLSCRLNRGICVPIRCPGNLRQIGTCFTPSVKCCRWR
831,KWKLFKKIEKVGQNIRDGIIKAGPAVAVVGQATQIAKG
832,LSGRVLFPLSCIGSSGFCFPFRCPHNREEIGRCFFPIQ
833,MPRWRLFRRIDRVGKQIKQGILRAGPAIALVGDARAVG
834,GISRVRICREKGGHCDADCHLEERHLGGCRAAYLTFCC
835,KVPIGAIKKGGKIIKKGLGVIGAAGTAHEVYSHVKNRH
836,SICCSFPDPWGGFCCEDHCSYIGKPGGQCSDKKVCTCN
837,GPLSCRRKGGICILIRCPGPMRQIGTCFGRPVKCCRSW
838,VAKCTEESGGKYFVFCCYKPTRICYMNEQKCESTCIGK
839,GGYYCPFFQDKCHRHCRSFGRKAGYCGGFLKKTCICVMK
840,FVPYNPPRPYQSKPFPSFPGHGPFNPKIQWPYPLPNPGH
841,SNDSLWYGVGQFMGKQANCITNHPVKHMIIPGYCSKILG
842,GSLLGDFFRKSKEKIGKEFKRIVQRIKDFLRNLVPRTES
843,GRKSDCFRKSGFCAFLKCPSLTLISGKCSRFYLCCKRIR
844,FVPYNPPRPGQSKPFPSFPGHGPFNPKIQWPYPLPNPGH
845,GWLKKLGKRIERIGQHTRDATIQGLGIAQQAANVAATAR
846,GFGCPNNYQCHRHCKSIPGRCGGYCGGWHRLRCTCYRCG
847,ATCDLLSFLNVNHAACAAHCLSKGYRGGYCDGKKVCNCR
848,DKYCSENPLDCNEHCLKTKNQIGICHGANGNEKCSCMES
849,GTWDDIGQGIGRVAYWVGKALGNLSDVNQASRINRKKKH
850,RIPIGAIRKGAKAVGKGLRAINIAGTVHDIVEVFKPRKR
851,ASCYLLDGYAAGRDDCRAHCIAPRNRRLYCASYQVCVCRY
852,MTPFWRGLSLRPLGASCRDASECLTKLCSKSRCSLKTFSN
853,YDNGIYCNNSKCWVNWGEAKENIAGIVISGWASGLAGMGH
854,FINLLDKVEDALHTGAQAGFKLIRPVERGATPKKSEKPEK
855,ATCDLLSGFGVNDSACAAHCILRGNRGGYCNGKKVCVCRN
856,MKRGFSSIFRGVAKFASKGLGKDLARLGVNLVACKISKQC
857,GWKIGKKLEHHGQNIRDGLISAGPAVFAVGQAATIYAAAK
858,SNDSLWYGVGQFMGKQANCITNHPVKHMIIPGYCLSKILG
859,QGVRSYLSCWGNRGICLLNRCPGRMRQIGTCLAPRVKCCR
860,QPVDGAPRWKFGKRLEKLGRNVFRAAKKALPVVAGYKALG
861,MKFFVFALVLALMISMIRADSHKGKHHGHRRKFHEKHHSH
862,KCAMKDTYSCFIIRGKCRHECRDFAKPIDFCTKLNANCYM
863,FTCDLLSGAGVDHSACAAHCILRGKTGGRCNSDRVCVCRA
864,AQCGAQGGGATCPGGLCCSQWGWCGSTPKYCGAGCQSNCK
865,ATCDLLSGTGVGHSACAAHCLLRGNRGGYCNGKGVCVCRN
866,ATFTIRNNCPYTIWAAAVPGGGRRLNSGGTWTINVAPGTA
867,ATCDLLSGTGINHSACAAHCLLRGNRGGYCNGKAVCVCRN
868,ATCDLASGFGVGSSLCAAHCIARRYRGGYCNSQQVCVCRN
869,ATCDLLSGLGVNDSACAAHCIARGNRGGYCNSKKVCVCRN
870,ATCDLLSFLNVKDAACAAHCLAKGYRGGYCDGRKVCNCRR
871,QSINNPITCLTKGGVCWGPCTGGFRQIGTCGLPRVRCCKKK
872,TLKKPLLVLFFLGTISLSLCEQERDADEEEGSENGAEDIKQ
873,RCIALFLVLSLVVLMAEPGEGFFFHIIKGLFHAGRMIHGLV
874,APRKNVRWCAISLPEWSKCYQWQRRMRKLGAPSITCIRRTS
875,NIGNSVSCLRNKGVCMPGKCAPKMKQIGTCGMPQVKCCKRK
876,DDGIEMTEEEVKRGILDLVTHVAKNLAAQLLDKLKCKMTGC
877,LEEAGSNDTPVAAHQEMSTESWMMPNHIRQKRQSHISLCRY
878,GIGDPVTCLKSGAICHPVFCPRRYKQIGTCGLPGTKCCKKP
879,DKLIGSCVWGAVNYTSNCNAECKRRGYKGGHCGSFANVNCW
880,ASCQIGDIWGAGDAACSASCLKDGTYHGGYCNEESVCVCTY
881,NWYVRKCANRSGHCRSICKIGELLIDPPTGICSKEKVCCVM
882,SHRFQGTCLSDTNCANVCHSERFSGGKCRGFRRRCFCTTHC
883,QTCASRCPRPCNAGLCCSIYGYCGSGNAYCGAGNCRCQCRG
884,NWMVKKCANKSGNCRSKCRTGELQIKPHNGMCIKEKMCCVL
885,DPQTECQQCQRRCRQQESDPRQQQYCQRRCKEICEEEEEYN
886,LVLKYCPKIGYCSNTCSKTQIWATSHGCKMYCCLPASWKWK
887,VKCAVKDTYSCFIVRGKCRHECHDFEKPIGFCTKLNANCYM
888,GKWGWIYITILFADVGGFKSSRHPEERRVQERRFKRITRGPD
889,EPEPSYILDCRTNGGRCVTGYCSNTLPYSCGGGAICCRHAYG
890,FSCDVLSFQSKWVSPNHSACAVRCLAQRRKGGKCKNGDCVCR
891,AKIPIKAIKTVGKAVGKGLRAINIASTANDVFNFLKPKKRKH
892,YVSCLFRGARCEVYSGRSCCFGYYCRRDFPGSYFGTCSRRNF
893,GLNNKCAYFRGQCRRKCPQRDIFFGFCRNHDQCCLSSLHTRH
894,DDTPSSRCGSGGWGPCLPIVDLLCIVHVTVGCSGGFGCCRIG
895,RKRNSKFRPCEKMGGICKSQKTHGCSILPAECKSRYKHCCRL
896,DAEFRHDSGYEVHHQKLVFFAEDVGSNKGAIIGLMVGGVVIA
897,ECWMDGHCRLVCNDDEDSVIRCRNRKRCCVPSRYLTIQPVRV
898,FTQGVRSYLSCWGNRGICLLNRCPGRMRQIGTCLAPRVKCCR
899,FTQGISNPSSCRRNRGFCLAFWCPGSMRQIGTCFGFPVKCCR
900,QGVRNHVTCRIYGGFCVPIRCPGRTRQIGTCFGRPVKCCRRW
901,TLYRRFLCKKMNGQCEAECFTFEQKIGTCQANFLCCRKRKEH
902,MKWTAAFLVLVIVVLMAQPGECFLGLIFHGLVHAGKLIHGLI
903,RVKCAMKDTYSCFIMRGKCRHECHDFEKPIGFCTKLNVNCYM
904,SGISGPLSCGRNGGVCIPIRCPVPMRQIGTCFGRPVKCCRSW
905,RRVVRRVRRVVRRVVRVVRRVVRRVRRVVRRVVRVVRRVVRR
906,CLAGRLDKQCTCRRSQPSRRSGHEVGRPSPHCGPSRQCGCHMD
907,AAPCFCSGKPGRGDLWILRGTCPGGYGYTSNCYKWPNICCYPH
908,KNYGNGVYCNKHKCSVDWATFSANIANNSVAMAGLTGGNAGNK
909,YDTEIQGWTCGSRGLCRKHCYAQEHTVGYHGCPRRYRCCALRF
910,FPDTVACRTQGNFCRAGACPPTFTISGQCHGGLLNCCAKIPAQ
911,DDTKVQGWTCGYRGACRKYCYAQEYMVGYHGCPRRLRCCALRF
912,ATCDLLSLTSKWFTPNHAGCAAHCIFLGNRGGRCVGTVCHCRK
913,RTAIHRALICKRMEGHCEAECLTFEVKIGGCRAELTPYCCKRT
914,KSYGNGVHCNKKKCWVDWGSAISTIGNNSAANWATGGAAGWKS
915,VTCDVLSFEAKGIAVNHSACALHCIALRKKGGSCQNGVCVCRN
916,MKKAVIVENKGCATCSIGAACLVDGPIPDFEIAGATGLFGLWG
917,VTCDLLSFEILGVALNHSACAAHCLAIGRGGGACQGGICVCRR
918,ATCDLFSFQSKWVTPNHAACAAHCLLRGNRGGQCKGTICHCRK
919,SWYVKKCLNDVGICKKKCKPEELHVKNGWAMCGKQRDCCVPAD
920,GFGCPRDQYKCNSHCQSIGCRAGYCDAVTLWLRCTCTDCNGKK
921,VTCDILSVEAKGVKLNDAACAAHCLFRGRSGGYCNGKRVCVCR
922,VTCDLLSFEAKGFAANHSLCAAHCLAIGRRGGSCERGVCICRR
923,ATCDLFSFQSQWVTPNHAACAAHCLLRGNRGGECKGTICHCRK
924,KYYGNGVSCNKKGCSVDWGKAIGIIGNNAAANLTTGGKAAWAC
925,FTCDVLGFEIAGTKLNSAACGAHCLALGRTGGYCNSKSVCVCR
926,NWYVKKCLNDVGICKKKCKPEEMHVKNGWAMCGKQRDCCVPAD
927,RSHIDIKNGIERCEKVRGMCKTVCDIDEYDYGYCIRWRNQCCI
928,RFRPPIRRPPIRPPFYPPFRPPIRPPIFPPIRPPFRPPLGPFP
929,TYYGNGVSCNKKGCSVDWGKAISIIGNNSAANLATGGAAGWKS
930,IGGALGNALNGLGTWANMMNGGGFVNQWQVYANKGKINQYRPY
931,VTCDLLSFSSKIFSFNHSACAAHCLAKRKKGGRCVNGVCRCRN
932,ATITVVNRCSYTVWPGALPGGGVRLDPGQRWALNMPAGTAGAAV
933,FTMKKSLLLLFFLGTINLSLCEKERNAEEEKRDGDDETDVEVQK
934,QKLCERPSGTWSGVCGNNNACKNQCINLEKARHGSCNYVFPAHK
935,QWGYNSYGYGNYGGYGGYPMYGGYGMNGGYGGGGLLGMFLGKKK
936,NAEEERRDEPDETDVEVEKRFLPIIAGVAAKVFPKIFCAISKKC
937,VKREKDFQRVGISVGKKIGNAVTRNAVKRKIRHLKDFVVLQQNL
938,DKLIGSCVWGAVNYTSDCNGECKRRGYKGGHCGSFANVNCWCET
939,DKLIGSCVWGAVNYTSNCNAECKRRGYKGGHCGSFANINCWCET
940,NTEEERRDEPDETDVEVEKRFLPIIAGMAAKVLLKIFCAISKKC
941,LYAGNWYVRKCANKTGNCRSTCRNGERVINPPTGMCSKEKLCCI
942,RLKRMTPFWRGVSLRPVGASCRDNSECITMLCRKNRCFLRTASE
943,GFGCPNDYSCSNHCRDSIGCRGGYCKYQLICTCYGCKKRRSIQE
944,FKKKKRNIGTFVFFAIALFCTVMFAYLLLTNQYVPIDYNVPRYA
945,SFEPQQPKYRFERCERVRGICKTFCDDVEYDYGYCIKWRSQCCV
946,NAEEERSDGPDETDVEVEKRFFPIAAAIAAKFFPKIFCATSKKC
947,GKVWDWIKSTAKKLWNSEPVKELKNTALNAAKNLVAEKIGATPS
948,DKLIGSCVWGAVNYTSNCNAECKRRGYKGGHCGSFANVNCWCET
949,GSGFTQGVGNPVSCARNKGICVPSRCPGNMRQIGTCLGPPVKCA
950,MSKLVQAISDAVQAQQNQDWAKLGTSIVGIVENGVGILGKLFGF
951,DTLIGSCVWGATNYTSDCNAECKRRGYKGGHCGSFLNVNCWCEE
952,MQKLAEAIAAAVQAGQDKDWGKMGTSIVGIVENGISVLGKIFGF
953,DKLIGSCVWGAVNYTSNCNAECKRRGYKGGHCGSFANVNCWCQT
954,DKLIGSCVWGAVNYTSNCNAECKRRGYKGGHCGSFANVNCWCER
955,GKVWDWIKSTAKKLWNSEPVKELKNTALNAAKNFVAEKIGATPS
956,PVSRQQCSQRIQGERFNQCRSQMQDGQLQSCCQELQNVEEQCQC
957,TLVDPEKCSKSFGFCRRRCFKTEKQIDICFSPSKICCFEREFEDD
958,TMKKPLLLIVLLGIISLSLCEQERAADEDEGSEIKRGIFSKFAGK
959,TLKKPLLLIVLLGIISLSLCEQERAADEDEGSEIKRGLFSKFAGK
960,GIFSKLAGKKIKNLISGLKNIGKEVGMDVVRTGIDIAGCKIKGEC
961,EKCWNLRGSCREKCIKNEKSYVFCMSGKLCCVKPKFQPKSLQTPD
962,MKSNRQARHILGLDHKISNQRKIVTEGDKSSVVNNPTGRKRPAEK
963,FTMKKSLLLIFFLGTINLSLCEEERNAEEEKRDGDDEMDVEVQKR
964,KGKKGKKGKKGKKGKKGKKGKKGKKGKKGKKGKKGKKGKKGKKGK
965,STEKCWNLHGNCRDKCTKTEKFYVFCVSGKLCCVKAKEKPNLPWH
966,MKALLILGLLLFSVAVQGKVFERCELARSLKRFGMDNFRGISLAN
967,QKCWNLLGKCRHTCFKKERIYVYCTNSKPCCVKPKYHPKQHPWLF
968,QQCGRQAGNRRCANNLCCSQYGYCGRTNEYCCTSQGCQSQCRRCG
969,SLVDPDRCTKIFGNCRRRCFKYEKQIDICFSPSKICCIERLFEED
970,FIPKSLRRFFCRVRGGRCAILNCLGKEEQIGRCSNRGQKCCRKKK
971,KRGPNCVGNFLGGLFAGAAAGVPLGPAGIVGGANLGMVGGALTCL
972,KSCCKSTLGRNCYNLCRARGAQKLCANVCRCKLTSGLSCPKDFPK
973,VGSIEKCWNYHGSCRDECLKNEKVYVFCMSGKLCCLRPKDQPHLP
974,AQRCGDQARGAKCPNCLCCGKYGFCGSGDAYCGAGSCQSQCRGCR
975,NRLRRREDFARAGFVVSKAVGGAVVRNQVKRRLRHLPLVVVLARDL
976,NFLTGLGHRSDHYNCVRSGGQCLYSACPIYTKIQGTCYHGKAKCCK
977,NRLKKNEDFQRVGLSVSKKIGNAVMRNRIKRLIRQLKDYIITKKSL
978,KSCCKNTTGRNCYNACHFAGGSRPVCATACGCKIISGPTCPRDYPK
979,HGPDSCNHDRGLCRVGSCIPGEYLAKYCFEPVILCCKPLSSTPTKS
980,GLFSKLNKKKIKSGLIKIIKTAGKEAGLEALRTGIDVIGCKIKGEC
981,YRIKKNADFQRLGISVSKKLGNAVLRNKIKRAIREILDIIVIQNSL
982,KSCCPTTAARNQYNICRLPGTPRPVCAALSGCKIISGTGCPPGYRH
983,LRLLTPKHFNRIGLTIAKKNVKRAHERNRIKRLARELDFVVLTEVL
984,ENEAVSFPWSCPTLSGVCRKVCLPTEMFFGPLGCGKGFLCCVSHFL
985,DICTCCAGTKGCNTTSANGAFICEGQSDPKKPKACPLNCDPHIAYA
986,TTCCPSIVARSNFNVCRLPGTPEALCATYTGCIIIPGATCPGDYAN
987,NRLRRREDFARAGFVVSKAVGVAVVRNKVKRRLRHLPLVVVLARDL
988,EVRRRRRRPPCEDVNGQCQPRGNPCLRLRGACPRGSRCCMPTVAAH
989,YGPDSCNHEGGLCRVGKCITGEYLARYCFEPVILCCKSLSRATTKN
990,KSCCKDTTARNCYNVCRIPGTPRPVCATTCRCKIISGNKCPKDYPK
991,MDPTKYYGNGVYCNSKKCWVDWGQASGCIGQTVVGGWLGGAIPGKC
992,KSCCRNTLARNCYNACRFTGGSQPTCGILCDCIHVTTTTCPSSHPS
993,GIFTKINKKKAKTGVFNIIKTIGKEAGMDVIRAGIDTISCKIKGEC
994,RFRPPIRRPPIRPPFNPPFRPPVRPPFRPPFRPPFRPPIGPFPGRR
995,PDPGQPWQVKAGRPPCYSIPCRKHDECRVGSCSRCNNGLWGDRTCR
996,KSCCPSTTARNIYNTCRLTGASRSVCASLSGCKIISGSTCDSGWNH
997,GIFSKLAGKKIKNLLISGLKNVGKEVGMDVVRTGIDIAGCKIKGEC
998,GLFSKFAGKGIKDLIFKGVKHIGKEVGMDVIRTGIDVAGCKIKGEC
999,KSCCPNTTGRNIYNACRLTGAPCPTCAKLSGCKIISGSTCPSDYPK
1000,GLFSKFAGKGIKNFLIKGVKHIGKEVGMDVIRVGIDVAGCKIKGVC
1001,AFFDEKCDKLKGTCKNNCGKNEELIALCQKSLKCCRTIQPCGNIID
1002,RQRDPQQQYEQCQKRCQRRETEPRHMQICQQRCERRYEKEKRKQQKR
1003,FLENQDCSKHRHCRMKCKANEYAVRYCEDWTICCRVKKKESKKKKMW
1004,QICKAPSQTFPGLCFMDSSCRKYCIKEKFTGGHCSKLQRKCLCTKPC
1005,GTQRCWNLYGKCRHRCSKKERVYVYCVNNKMCCVKPKYQPKERWWRF
1006,GTQRCWNLYGKCRYRCSKKERVYVYCINNKMCCVKPKYQPKERWWPF
1007,KSCCRNTWARNCYNVCRLPGTISREICAKKCDCKIISGTTCPSDYPK
1008,GTQRCWNLHGRCRHRCSKKERVYVYCVNSKMCCVKPRYQPKGRLWPF
1009,SFEPQKCWKNNVGHCRRRCLDTERYILLCRNKLSCCISIISHEYTRR
1010,RVCRRRSAGFKGLCMSDHNCAQVCLQEGWGGGNCDGVIRQCKCIRQC
1011,RTCQSKSHHFKYMCTSNHNCAIVCRNEGFSGGRCHGFHRRCYCTRLC
1012,DICTNCCAGTKGCNTTSANGAFICEGQSDPKKPKACPLNCDPHIAYA
1013,MDKFEKISTSNLEKISGGDLTTKLWSSWGYYLGKKARWNLKHPYVQF
1014,RVCMGKSAGFKGLCMRDQNCAQVCLQEGWGGGNCDGVMRQCKCIRQC
1015,ARGGSRRHIRCAKMSGRCEIECLSFEDKIGGCRAELTPFCCKKRKRN
1016,SLQYVMSAGPYTWYKDTRTGKTICKQTIDTASYTFGVMAEGWGKTFH
1017,KTCENLADTYRGPCFTTGSCDDHCKNKEHLLSGRCRDDVRCWCTRNC
1018,GINSLSSEMHKKCYKNGICRLECYESEMLVAYCMFQLECCVKGNPAP
1019,EKCWNLRGSCREKCIKNEKLYIFCTSGKLCCLKPKFQPNMLQRSVQF
1020,HSSGYTRPLPKPSRPIFIRPIGCDVCYGIPSSTARLCCFRYGDCCHR
1021,KKRYPQYGSLDLRRECRRGNGRCKIQCPENEIRIAYCMRPATHCCLQK
1022,MNKDLNALTNPIDEKELEQILGGGDGVFRTISHECAMNTWMFIFTCCS
1023,KKKYPEYGSLDLRRECREGNGRCKNQCHENEIRIAYCIRPGTHCCLQQ
1024,FIYIDECPSEYYNCRMKCNADEHAIRYCDDWTICCKLKNIEIEKLRRE
1025,ATCSLVDPDRCTKIFGNCRRRCFKYEKQIDICFSPSKICCIERLFEED
1026,YKRCHKKGGHCFPKTVICLPPSSDFGKMDCRWKWKCCKKGSVNNAISI
1027,ATCTLIDPDQCSNKFGHCRRRCFRGEKRIDICFLPNKICCIERLYDED
1028,FTSNDECPSEYYHCRLKCNADEHAIRYCADFSICCKLKIIQIDGQKKW
1029,DTQRCWNLLGKCRHRCSKKDSVYVYCTNGKMCCVKPKYQPKPKPSWLF
1030,ATYYGNGVYCNKQKCWVDWSRARSEIIDRGVKAYVNGFTKVLGGIGGR
1031,QKLCERSSGTWSGVCGNNNACKNQCINLEGARHGSCNYIFPYHRCICY
1032,QSDALFVDIIDNVENAIHKAAKTGIGMVKPIENIFIPNQQKKSTEASN
1033,EEEKREGENEKEQEDDNQSEEKRGLVSDLLSTVTGLLGNLGGGGLKKI
1034,KFGSFIKRMWRSKLAKKLRAKGKELLRDYANRVLSPEEEAAAPAPVPA
1035,FISNNECPLEYYHCRLKCNADEHAIRYCADFSICCKLKIIEIDGQKKW
1036,RTCESQSHKFKGPCFSDSNCATVCRTENFPRGQCNQHHVERKCYCERSC
1037,RTCQSQSHKFKGACFSDTNCASVCRTENFPRGQCNQHHVERKCYCERDC
1038,EFKRCWKGQGACRTYCTRQETYMHLCPDASLCCLSYALKPPPVPKSKYE
1039,EFKRCWKGQGICRTYCTRQESYMHLCPDASLCCLSYVFKPPRAPKNEYD
1040,SRVLKRKQFLRMGITVSKKFGKAHERNSFKRVVRELQIVVLLQDFINQI
1041,FCHNSISCMMGGDSTCNNVCVRQGNPNGGRCLPRDGCPGYDICACYPNN
1042,EFKRCWKGQGACRTYCTRQETYMHLCPDASLCCLSYALKPPPVPKNGYE
1043,MKKDVVIESIKEVSLEELDQIIGAGNGVFKTISHECHLNTWAFLATCCS
1044,FISNDECPSEYYYHCRLKCNADEHAIRYCADFSICCKLKIIEIHGQKKW
1045,NLCERASLTWTGNCGNTGHCDTQCRNWESAKHGACHKRGNWKCFCYFNC
1046,NLCERASLTWTGNCGNTGHCDTQCRNWESAKHGACHKRGNWKCFCYFDC
1047,QDCSSVVCVLGDGACNRVCEMEGHTEGGKCVPRDGCPAGSEICVCGAKKA
1048,VKLKSSRKRCWNNSGHCKKKCAADEVIRAVCKNRQSCCVSQLAVFVKETI
1049,YPASYDDDFDALDDLDGLDLDDLLDSEPADLVLLDMWANMLDSQDFEDFE
1050,EYHLMNGANGYLTRVNGKTVYRVTKDPVSAVFGVISNCWGSAGAGFGPQH
1051,KLCERSSGTWSGVCGNNNACKNQCIRLEGAQHGSCNYVFPAHKCICYFPC
1052,ANIIGGKYYGNGVTCGKHSCSVDWGKATTCIINNGAMAWATGGHQGNHKC
1053,LDTIKCLQGNNNCHIQKCPWFLLQVSTCYKGKGRCCQKRRWFARSHVYHV
1054,RYCERSSGTWSGVCGNSGKCSNQCQRLEGAAHGSCNYVFPAHKCICYYPC
1055,YRGGYTGPIPRPPPIGRPPLRPVCNACYRLSVSDARNCCIKFGSCCHLVK
1056,YRGGYTGPIPRPPPIGRPPFRPVCNACYRLSVSDARNCCIKFGSCCHLVK
1057,DLDVNKVCGYGTARCRRECKSQEHKIARCLNTYACCLKPWAYSSLNVKGQ
1058,KLCERPSGTWSGVCGNSNACKNQCINLEKARHGSCNYVFPAHKCICYFPC
1059,ARLHRPSEFARLGLVIAKRFAARAVTRNTLKRVIRELDYVVLKRSARAEV
1060,IDSVKCFQKNNTCHTIRCPYFQDEVGTCYEGRGKCCQKRLLSIRVPKKKV
1061,KICERASGTWKGICIHSNDCNNQCVKWENAGSGSCHYQFPNYMCFCYFNC
1062,MQKPEIISADLGLCAVNEFVALAAIPGGAATFAVCQMPNLDEIVSNAAYV
1063,AMVGT
1064,IVGGR
1065,ACSAG
1066,FKAFKA
1067,KWRWIW
1068,AKSRWY
1069,FPAHKC
1070,FRWWHR
1071,QKLCQR
1072,HPDYNPK
1073,KVFLGLK
1074,HPNYNQR
1075,GSEIQPR
1076,HPQYAQR
1077,HPLYNQR
1078,HPAYNAK
1079,VISIIPV
1080,LRWPWWPW
1081,RHPQYNQR
1082,HFRWGKPV
1083,ASILTNAS
1084,RLGDGCTR
1085,MLRFLPVVASPGRAPVYVLNGLMAGVMNHCLTEI
1086,MSGRTLGRLLGSFLVLSALAAGVFVGGPWDGYMHTADFIWNMPAPH
1087,MTMGQKLQQHLRNYFKAIAQLTFFYNSTFAEWDCCGILKA
1088,VSFDLLEEYMREHPEASDCGAGFRENAL
1089,MSTGLQSLNCKVPSLGHSSAWSSFGRTSPTGTPLL
1090,MKRKDTTASGSALTPFRLSSTPKDATSGSALNLVPKENFI
1091,MDFKQNMGSFVSLSILKIFALIFALGLARILQSKSED
1092,MAVSSRKRIEISVGSDTFPDGIPRAIKLRPLIRGNDACSHV
1093,MHGLFRATTITNNDMICSPRAIGTVCSRSTGRFDEQSNLSFFFTM
1094,MRKNTKTAWEKFSNTGTIGAYLTYRAMLTQEEGFQETDLHR
1095,LVEVSPPMNAFEYVGILKNVSLNIRGIYVDDMPTIQLIQDNSVIYTFHIV
1096,MERWNLSKDGRSSSHDTRTTSKPAPCSLSWW
1097,MGYMDKFTKSEDFRREELIRIIEHSVEHLTLQELEALYYDMTTKNFIND
1098,MKSRKNRDQLIFFLYSASILAVALLQSHLTQTTSSNNGKTR
1099,MEKNYLSTSLLNYKQQHNGKLLVKVPPQYTSKTCYIVGASTISSN
1100,MRTYYSELYNRVSKILLQNGDWIQNECPPILVEMSKTIRVV
1101,MSSKDRPFLVGHRLAETPVGIPVEMDLTNSREDTVEAASNCRMG
1102,MEAILLILAVVLPLSFVLIFLRRLISNLGDATTITKLQERNEKKE
1103,MSVLYRKDLVKLDGSDPMLLYGYGSYRFALTRVSEDPDYLW
1104,MEGRLEIARKLKDSGFSIADIARIAELSPEEIDKL
1105,MPSGCMMTCRQKLLFVLYDKQMKLLFLQR
1106,MPAKPDADKAPPEPPAPDPTRYGDWEKNGRCIDF
1107,MGLFQLNTIHFEEQLKYFRKKLSYAAIIIFSSKVSYSS
1108,MKIDELITYIIIIFILAVLIKLFAHLLPILVVLAVAYIIYLFITEKEY
1109,MQKTGKCTYYSVKQSRQELQPGSSPDYAQRENKPVSCKSGTRP
1110,MYITKHNSITSSLYMPYFNIYIFKVPK
1111,ESPETIKEYVKEKITEITVIGGKKFVPSSIVTDLEAAIK
1112,GVAHIEDVDAKDAEGISAPPDHQRKDSVSA
1113,MKWNSIYADGEIIKRSHVLRTQSNNDWAKLNTFGYRGYLNA
1114,MKRTFQPSVLKRNRSHGFRARMATKNGRQVLARRRAKGRARLTVSSK
1115,YIDAIKNIANMKNLNKNEMFTSNVEMLWHS
1116,MATNLQLTFLEYLVLKNLMILHSLISRHELNKTSTPLIDKNNHNILWLT
1117,MVVKLFFVFFDFVQLVSYVPCMVHIVLTSFARYFCFVHYDVSLST
1118,MDFVRMMLLLISGCKITSFKRIKEIFCLLEKKFLLLRDL
1119,MSPVVSEILLSGLMINSTLRRRTHLVQSFSVVFLYWFYVFS
1120,MCELDILHDSLYQFCPELHLKRLNSLTLRDPLIISPKRNHV
1121,MEVLWTGGHLAYSCMNFFSARHHSKVLGIGQHCSM
1122,MRYRSPGTGGTHGHSSSLCFPRPVARCGGLLPALPARR
1123,MNLLQINSVCRCQINSFKILLKIHLYSFAAAWSPQYLQNDVTFRK
1124,MVLAGYGGYAQMGKHFMPMTQSLLPYRKGNITAIPLE
1125,MDKENDVKSEDLACHDDGDVPTSEQGSKSRTDLDMIEREGWPCCGL
1126,MVGPIVLSLYYYVLGQLVIFIISLQYFCLILSSLFFFFLGFHEP
1127,MLKKVTLAMLIVSLLLPAVIMAGTIELPKTGQTTTYATGDDGAIEAG
1128,MDAPFVYQLGWNRGQTLVPRQLSLGMSVFLCFSKHVLLVSQVT
1129,MQVPIHSSYWVPWSFCNSLISLAMSLQHQPNKVYFQCS
1130,MSACSVFDRIFMAGLVEMNLSFASKYGAKALGR
1131,MKLLHKTIQTVWIYLLAIKMDLFFFSRAMGMFSRLLNE
1132,MLTLKLFVYIVVIFFVSLFIFGFLSNDPGRNPGREE
1133,MARCGMRCTSNLLGVAPTLAASGCGVQRQRYGNRIVNCAIPQFCSVLRY
1134,MTKTKNLYSIKIKLKIQSKRSFITLYRILQAYSNKIFCWFC
1135,MIYDYYEMPNEDEENVSLVIILMAMVISIVFLPLIIFKFIFNLKKMMS
1136,MRWSFSSVPTEESPTVSSISTMGPNRSKVARSSSSRPPKAA
1137,MVSNTHYTFKKMRFIIKSNLKRLFFTHKTFKFLNFFKIFY
1138,ALPRWLHQYNWHRPHASLGYQPPISRIQLPLNNVLGLHS
1139,MHTCAYACCGIHVRIIFEVQPLVRNEQFVKLNITA
1140,MGPLSALLLPSAPFLLEKSFSSFFQESLGRLHSGK
1141,MKKTYLKPVLVKKGKLSQVTANGASNPR
1142,MKRSYSEFRQYSFFRYVLYPSPELHLILSPDRHKLLSWKTKKCYSKV
1143,MQRSLRLLLSLAGAAALALASTPLQPVAAQEDGSAADLYV
1144,MSHTQKDQKKLLARVRRINGQTASLEKALIDGEECLKAGGGGAWRD
1145,MRDRFLLVTQEALLGVRETTTRQSIRRPTPVVTS
1146,MVDLAMPVLVTIELKRKIFTLDVIIVPSSLSFGFERD
1147,MGSPEPGGPARLRAPAASCAARRRAPAPTWSAGSGGSCSHAAASRAE
1148,MSSIVGTPATVVVRDTLNALEKRQSIVVPGNLGNQILATLL
1149,EIIREASKWSPELAAACEVWKEIKFEFEAVDTLDVIKS
1150,MSGTCISNFMGASIKSCLGHGIGIEMRASVRHVWDMHWPRDVS
1151,MCLQRCRTAQKEMSKQGNLIQRHYRYALLILHTAQC
1152,MGLLSPVRTGSAVEATTGDIAFLQAMLDAEAALARVVAP
1153,VNVNLAGLPALVLPCGFVKDGAASLPVGFQMIGAAFDE
1154,MKESPIFKLELQTIRHEHYKRRGLIPTPGSRTLCFIKKKL
1155,MSHAGLLSSASSQLPIKLKNARNKVPCISNLGKQWNPLSLSFLSN
1156,MGTIFEKMERSQKIAKYLINKLNLENEEDILKTIYLSKADFSK
1157,MDQKLIQQKQLNQHRHLTVNTFHCLSSYIEELHVFFLHFRIPIRLV
1158,MCAKTRTGGRLCRAKEVRESLTLKDTVTMLQVAAHRLAVGTAELEGG
1159,MVKLTYYIKANVSQQPAALDSPSDYDQVRWSITQVIWIVNLVGSKL
1160,MNWKIKSKIAKGSESHKWMGNNFAKLKFVIFRTNCLMIHYAALKPYQIIY
1161,MNFYRGSCQNKWTRMIQLVKINKIVLICLSTKYQTVHL
1162,MGFPHSDIDHNVPSQISTSDTRSFTSVRHSDVRATGDCFG
1163,MHMPKIVFVSHFATKKIVPHVHVMFPRLQLPIMIYGIEYG
1164,MPKRTFQPKVRRRHKTHGFRARMKSVGGRKVLAARRRKGRHRLTQI
1165,HVICHLTDDNADIAMRIKVERGRGYVPASARIHTEE
1166,MNISNFCHFYWLALMMRIFTSIRFSFKARSLLSFLLKMMF
1167,PDDPGRTGHLRSLEGAAERLHLFRADLLEEGSFDAAIDGCDGVFHTAS
1168,MKQLLLVIYLIAIADAYYSTLFIEPKTPPQHQTIKVSAITVAQLR
1169,MKGIEVETPACLDLTRAAAFAIRIIAIAVLIWAIRWW
1170,MHDEGNDGIARCMTLLMCSWFCIRPVKVLFVSGCWWLVRSSLFSC
1171,MGHRVSIKPQVNPNFSTLFFLISAPPPYFRPTSTDHHKPPSSEL
1172,MLKIPPLCSPSEELHLHIDPNICFHNFPY
1173,MMIAEEYPSDVRARLSQTGFQGLFSQKFNELRNSVLK
1174,MEDWWTKRSSLPSSGVMKPNPLVVLNHFTVPFTLSEDILAAGEK
1175,MFCLLRSSLLRYKTVVKPEPGPKLPFSSTTWLSSLVLDLRLQRY
1176,GIYYGQCSEICGINHGFMPIVVEAVPLKNYITWISNKINE
1177,MFDYIKIIIYLIGSIGMIYACYHDYNYAKKDKMTSAYFSKIND
1178,MVITTIVRMCDRLRKNTLMWGGSCPNVVYIVPVMFPIMSKPP
1179,MVEAYCVKCRKKVEMKNPTQVTMKNGRPAVKGTCPVCNTTLYRIGKSSK
1180,MIKHIKELIYVEVCYMKIVAIKLPRLLSNIIKKIKRVKK
1181,RKNIWKKKTYFSIVQSYSLAKSRSFLSGNEHPKPKGFSG
1182,MMSSSFRDSSFLLRGLFLTTTLIFATLFSLEVLSFSLLTTP
1183,AVGKVLPALNGKLTGMAFRVPTVDVSVVDLTVRLERKATYDQIKAAI
1184,MKIFDIVVLVLGYTLFWTFLIWTLMGIVAVLFWYSLFLPKKKNFFKENRI
1185,MFMRNEHCSERTFSGWWTLVKADFTRDFAETAGCHGGAWFSFVDCPSYL
1186,MDTLNDFKAPSCSICTRISFSSFTSSLAAKLFSNSSRFCINKLYCRLLFV
1187,MTTRLKTLLAALLLLPVVSGCAAAVGAGAAIAADEVAEDNGGNLF
1188,MPCSYLPISLSTSLLVCPLSLQMLYYVNVSRKLRGLRW
1189,SVTP
1190,MLYPHFHHNEAWEDQVVIPTVLFICLDIVSTMFSYFLTLSPR
1191,MSKEKFERTKPHVNVGTIGHVDHGKTTLTAAIC
1192,MVKKVAKKLPYVLILSRGFITISRLEIWLQQLVGAVSHFIINCVWCAA
1193,MKVEGDNEHHKIESLFKAFAKAIKMAVKQTGDGKLPSTKGTL
1194,MLLMIEGIDRVCVCTINMYRCQGLLCVYT
1195,MFLVFYLYSSLLSFFGDAWVFVSSFLFASYFFKKMTHTLLARIGMEYLLE
1196,MFHIGKTGGGLQGILHDFLDAFVFFNRRNSYSAIKKQAAAYLFKVQEISE
1197,MLPQASLLLSALLSAGDLIGHLHPVSRQLQPAFAIMLVPGLLSHL
1198,MEEGEFSEAREDLAALEKDYEEVGAESAEGEDGDEGDEY
1199,MSFRLLANLERRHPHPHVVEESRGLPRLRRRWRWRRPEEGRGG
1200,MGKKPIGHGFGCQSVPAGADAGISLCLMGISKRVEKSLAHARISACPLN
1201,MGLKPAGCVDTVAASSDPDMSMEVEGDDFIQGAALCAFLLLMDD
1202,MMIDLAFFLGQIAGLTIIVLIIIWIIKKIRNLSVQYKQLKSRRGTGKRK
1203,ALKKSAEQYQQDLVKEKKLEILLEVLGYIRSSRTLDQYSHYRMDLIVQ
1204,MNKPRSGSGQQGKRRVGGGGGGGLGGALRKQMARLCIIRECVIMLLFYHD
1205,MTTLPSFNPTSNVKHCVSRKTVTHCKGTILMTPCSAP
1206,MNKIEVLNFYDELTNDQKQSFMMLMDTLGVLCEKRSREDNISVRESML
1207,MRKFADKINIEVAWKVCYNEFVVKMEYCYFNVTRGAVRLRVSVENR
1208,MQIQASTEIQRFQKKCITNKYSYNIQQESQNCKIFKNMLPGCIGYIGE
1209,SIHSLGESPQVMAQVDRIKLVNDDAPSGKRRGPPAG
1210,MLDTIIGLLPDDPVIIAVVAILLSLVFFAYLLLRRTVLEFRDGMRGER
1211,MGAETASGGGGGRRPRATCCWWRRRLRRWTVVER
1212,MSQHQLHINLGMNRPKLATRRVLELHFYCS
1213,MTTRITPGVGANLLGQHSAERNRNATTCVGNLDP
1214,MTKEEKIILIVRNSDFTYEELEKLPMSSIDSIYKAHVLEKNGG
1215,MPFSLSIFVPIFTISTTCSLVFSLFFISDFLCPSVYSYSKSGEDKGKSN
1216,MLEHGTPSLILWEIVEDLLEEVRSTYQYANEEP
1217,MHEGDRPGRVVEDTADRCPRRCRPTPFACQAALRLATILIRVRG
1218,MPQHAPLSGWCRKAMTYQPSACRVPYPPAASRLRKPLVHVRG
1219,MHFVDEKHRVAKRAENIRILPIKYAPLIYLTIKNSQLKFNPRIGK
1220,MATSAVPTTFCDDGSMLRNTFDHGSPAPRGRKRPLQDVAWARELFGRAER
1221,MNLFYQVFDRGVMRDGEGREIDFRNTVILMTANLGATS
1222,MPSRKKLKLHLNKEALIDFDLLCLDGSNASTPKDAIGEQKKH
1223,AVKNSPYPRSYYRCTTAGCVVKKRVERSCDDPSIVVTTYEGQHSNIRA
1224,MPFERPTGSVVWTVLSILFVSICFQTTFLKWGSSENMIEGAWK
1225,MSRRQPSNTGKKARKAEKDNILEYEDGHSLSDLKLNLCKNGRKN
1226,MQHVKIYLSTAPVVAAIWFGLLAGSLIEVNRFFPDALLFPFL
1227,MLWSDPKNEPPEELRAMQETLRRLGFFLAWAMVIALFVLGLKC
1228,MDKKGSAPQGFPLLFIISSYMEIFLTPFLINFLSAAVPRVLL
1229,MEFKLSKYGPTTLRRDYSKTKFSLPTPDFLDSQKQSFK
1230,MARLQLSRTAVYDLIRTRQLASLTLGRARRIPAHALDHLIHTRLEQEAS
1231,MPRTGGVAVLSPVNYHQPQLASLPCCGYLHQHAVLEQEQNASW
1232,LPYEDLLLLRLRWVPLTKPLPMSRRLILQQARGQRHTPSTV
1233,MPYLRHDKLGKYRGCTVGNYLHRACGE
1234,MRKTLNQTDRDCDCDGPPRLFYSLKARQKTQKTPQQQQHC
1235,MVRSVKPGSGGGGSSQADTRGAPAVRGSPRRRAR
1236,MVKCGVCGGDAPRQPNVTEDGKCDLCGKKFVLEEEKKQKD
1237,MIALSFNYELQITNYELLQVEPLGIEPKACSCPFVGFRAVEHQSRPQ
1238,MESPSTIPGITALPPLPLSFAQATTFPMMRVE
1239,MKFLLLISIFRSSLDSLLSTRGTCVRLFLIVHLLPDPLHQ
1240,MKVRPSVKRLCEHCKVVKRAGVVRIVCKNPRHKQRQG
1241,MNRFEGENTQGRNNDVKDSGFGFGVGFLFFAVIYIIAQVFGLLPK
1242,MCEFLDHFTDKPKFVVVPTFEYYRFNCYKLLFFKIAVVPTV
1243,MDYRKIIKEIGRGKNHARDLDQDTARGLYTRMLNGDVPRPGNGPVY
1244,MRKILSQINPLATPGFLLPRELLILSACCPFYSHTYHLPMAVHNIK
1245,MANKQSRDNAQQTFRQFAWNIAGTLANGKASVKPAGKPGGKR
1246,MTSRSVASRAALIGVFALTVWVAVTASHAISSTRYFGGKLVVALPPGV
1247,MHAWPHTSSFHFSCADHSSMQHVPTCFTVSSSVYSIIILSELY
1248,MQRQFESDGNQTRSLPEGAHEEMGTTEFYEQIGEELERALASE
1249,MHVCGGTRHTRPSMLQKVAKMHGATRALKCYERQHWCRMP
1250,MEYEQEEARWDNNNLEGWEEKKSERPTNLEINL
1251,MFLTNLMIKSPNYSNRELAGSALWNIFHVLFLSRFPQAVFRQ
1252,MGTNDGDLLPVRTAQKEEIKDTANFIGFSAWSVRVRVYL
1253,MNSRPRRRDIDRLEHLHLTEFGLKLGQKIFLLNKRDFILFLSLF
1254,MLRRSKKLTKQQITLHKPHNKGR
1255,MSKIQNPYIKITLLTLFYLVIMVVLYLIYGTGQTENTFIYNEF
1256,MGDDQTRYSLQHKIKSNMVAIIHSPKLPPP
1257,MSMLVQLSLHQPFPPVVAAWHQFGMTHSKTERY
1258,MLQGIDFCIGEHKVISHLFGLVQTIEDLIFLLCDP
1259,MMKLFKKYDRSADTKMPLCQQRHSQDFSLVQLLTLSVMSARFRH
1260,MEHPYGRCQHCGERLYAHIEGDYQCVNCDRRYTEADLETRAV
1261,NLQPLVFCLNYCYNIKLKDFFVSFPKTGPIIMGAYWFRQG
1262,VYLSGASSSSLSLLTSSLALSLVQLLFGFLFLKLFLLLLLRILFFFVLSF
1263,MLLLRFIHPHQLFPCGGPQVISQLLLLTTHMLPIQCPQ
1264,MKERGIIFNTEMVRAILDGRKTQTRRIMKPQPKPNKTVVYGGLVIYVSP
1265,MIGELLHISEHGVDYHFRNILRKLEADSRITAVVKGLYYGVISV
1266,MQGSDYDNNLVEVHQHGWENWTKFMLWSVISIAVLLLLMAAFLL
1267,MIQIIVNAFVEEGKEIAVVEVLFASADHEKVKANIRK
1268,MWRWIVPARERFDRRVRATGLMSLEEVHVVAMIGGQ
1269,MWWLTANDDIIEASRKDMLTSSRTYSSPRFSSVKLPLAG
1270,MLSLRTSGKCLIQVRTDRISVRWKHQHNNLSDVLFKILIREELTS
1271,MAYLRSMSGSNLSPVCSILLFFSHCFCVFFIYETLLLCLIYF
1272,MINKNQLSTEDYEICSKLKSMRFSGMAKALEEVFADPNAELLSFREKI
1273,MLSIHQVKGILIAGQWTLGLLHHNSTNAIRSTFKKKFFVV
1274,MKRTYQPSNLVRKRRHGFRARMATKAGRKILNSRRARGRKSLSA
1275,NKAYWAAIKAFSLAKSLSTGNSKSFFVRQTSKKVLE
1276,MQEEFELWENEYTVDNLTDLTVSQIESRKLHFDNQVQRLVMEHNP
1277,MTARTSESGRRTAKMMPARSDDEEMMSPMIPRFRSWNKTASKTSTR
1278,MRQMYLKARNGAARYSIVSQQQQECCNKILNRKSIIARNGS
1279,MVEQLAIFYSR
1280,MLLGDFKTGFWARSAVSALAPRRHPSWPEIAEFGTASIFYA
1281,MAICKAWISLLLALAVVLSAPAARAEEAAAAEEAAAAPEAVLTLHADNF
1282,MGRTLVPSLRLVMNGERKLSTPRMDQAVLRRMWLMLSQTAETRK
1283,MESIAGGAIPPFGLGCIAGPARIVCIGPGFSSESVLLRW
1284,MVPLCLVLIFIAILILMERKGIIDEGEFAVGIVFTLLAVAGYMGIG
1285,VKGSLKATRAFGAGFLKQPKRNDALLEMFRIDYVGSS
1286,MGKYQLDYKGQAAVAKFHEKQTPAKFDKKQQLEKLRAEYLKKKQKQTDK
1287,MFVSMHYPLRSEFDIKIRIRIWEMHYPIRSDLFSPLNILLQWR
1288,MIKKCHKVLTLLIVFWSRRYFKVEYGYSLYQ
1289,MKFDQIKELKDEKFLRLTGVRKGTFSKMVDILRKADGLKKSKEK
1290,MASFSGDSEFCNVATKIHIYTQEEVEKMTVGITGDDTQSCLDQAL
1291,MELCDKLGTLKSFDFVRSQCCLKEALCTLQHSIFHELDSILT
1292,MVTGTFERDFDINPFSYALGMSRTLRPRNINVN
1293,MLLRVIDFGYFAAGQERRRFSFPHAIAFERYAVSVVNNTVQDRVS
1294,MSCYASVACSKACRKCTWGVLYTKASMLHMCVSIPCMLHQ
1295,MADSDKWCNALYFPYGRKKMGGVFCRLDTGHDGDHWCEYEDEMRQ
1296,MQNIKHFQLFLQFAFKHIFVFLCLSNTPLKLIELKVKLLN
1297,MTRKIFWGDEEYFARFTRESVDRIGKLV
1298,MSTPLGLLGSAATAVVLLVLLAGCAAHLTRPAALPGALRA
1299,MDDHVGFLVYFLCQKMYIYKIKEKFENSIAKYYIANYNEFKNS
1300,MKEIAEVYGNGFLQIAGGIGALLLFFHAVDGQGMIGMVLRYYMTGICGS
1301,MGGVERDND
1302,MSNSGVPATKNDVLATAADKTTANTIAIVGSFFLEKLFIKSRFCAAFI
1303,MQKLDFVSFGTVYMFRIVFTFGCNLSCRNITQSQYGP
1304,MLTANTAGGGMYLKSREVRYLAQMALTVCVQCLFLYNKLYV
1305,MALPWGKFSDLKCNLIKSALGCSTTARGEVKVSEERVKITSSAMVGAVL
1306,MWRVRIFFGKRQICAFWLCLAGTCASTMPLRERHRAMKGDSIDVVNGRR
1307,MAKTYTTFGSTSSDLRREELIRMITHSVENLSSAELEAIYYDMLTKDYIR
1308,MGFDFVVEYKPGSANTVADALSRRDAIQQLFLLCPCQPLNFGRSYEGS
1309,LGHVRARGRVHARAQVFLALCLRLVVAITNYERGDNPGSTVITV
1310,MPRRCQALSSNISQLSSAQVVSLDYRESPTTHVIVGPFHV
1311,MYAVLLTYGSLFFRFHRIQPFISTYFRNNALVTLHLYRY
1312,MTPDKAAYAGYSTSALTFMRQFLIDREPAIIGPPAELGGDVADTIRRN
1313,MPKTMHPSPMKNGSARGLQLLKERSLLDCRMHRRTSCY
1314,MALISIAKLQQNKKANLLKNLKKFAGKYQQILKSLHGK
1315,MLDEPLGALDALTRLEMQDLIVSLWQEHGFTVLLVTHDVSEAVAMADRCC
1316,MHGNLYKPQKNMKPILLCSLYIDLQLSIACMQVYWC
1317,MSLADLLEELEAAKDSKKARPMEAYMCHQFSFLG
1318,MFQSLIDLLHKIDPVELNGTLSALAEGLRGHGNDLGPCCLA
1319,SIGVAHYPEHGTEEQQLFRHADEAMYAAKRQHHQRLGA
1320,MNEIIISTEKIDNVQVIKLQGSINSFTEKNSENNFRFRFVPVR
1321,MGTSAIAHFKYDLDKHATSLRRVASLASTFFLRTRL
1322,MSDKLKAKNLKAAIQRLPDPKSYGADVVTVAVDKNSYTFEKTNKEWYFKF
1323,MIESRPAKLRTKALNRATTRQDAFVFSVLMNALTQKIFPPVYDEAIK
1324,MDSRCVHPAPHLFRCGRTPPALHSGPPTSPPLSGLIPA
1325,MPFSSMEIFGNQFLARWILRHVQLRKTFFSMPPKNRETTMSARI
1326,MARFEEAENRILQKMICMRCNARNPARADSCRKCGYKNLRTKARESRSA
1327,MWFNNIIKRLLSKKEAAFFITHELNFLLGSIMIFVVY
1328,MFKAIADVLRSIGGAVATVVTLPFRAVARLFGGASDSAHGRH
1329,MKKHEKKDHPEIKEIKNICDVSPNTKQTKNVCDVQKKETNRKREQNNR
1330,MAEPVGDLVVDLSLDAARFDEQMARVRRHFSGTESDAKKQRQSLNSR
1331,AVEVPSVNG
1332,MLQTFSRKSPPPCPAPWSPPIFAAAAPRIQSDRRVRCGCEPDCGEQ
1333,MALKPRLTGLAADCDLADCSVVFINAMNRVDYSKDGRYFSSLITVSGGCE
1334,MHCPNGLSTPSTFCTEICALHVRKNICAVVKSQCTNER
1335,MNHVSLLILVTLLHLAHVFLWIVAIVDVEAYLNVWKVVFWFTKFLHQELL
1336,MTKIFHPNVASNGEICVNTLKKDWNPSLGLRHVLS
1337,AELAPQLAEYMLPSAFVLLDELPLTPNRKLDRKALP
1338,MAKGQQRSNRETRKPKKDKVVAKAASPFGSSVKQAESSLKPKSKG
1339,MEVELHVVDLQVMRRVAAVSEIDQQFGAPIGILETTPVFRVLF
1340,MDFGKNGEKQWLSAAGYRNFLPKQNVLFIVEIALKLFQFFQLSYY
1341,MRKGFWSRNSYRILKELRNFKNYKRSSLKNFSGDLKKVLRTRV
1342,MVETAKLNGQEPYTWLRHVLERLPHAASVEDYEALLPWNCSPEMPR
1343,MNEKKKMSTFEKVTKVVIWAMLIVTIGGVVLSTVAALM
1344,MVMEDDAHGNSSSPLALLEMLNALEDGEKMERKWRDKEDGMDEGIGVMKW
1345,MEKRFFIRKSLGNENYILRNKNKREYRPALSKSFELRNR
1346,MIHDRLSLFTWSTCRYQHHGTHLADVSRLAESE
1347,MFWKIHSIYRHLCALTHTLGFFMYHAHWNDLFNHFNVQQNIDNVQQNLS
1348,MKNTVKLEQFVALKEKDLQEIRGGESRVSRIILDFLFQRKK
1349,MKTTVAVAVANKMARIVWALMTTGKRFATSPAA
1350,MGKQVIITNRTPTILNQNIVGVVALFQDISRVEELKRVKELKKH
1351,MEGDVQGGDCAEPRVLWEAYLPSLSKTAWASRWNESMFHKAR
1352,MPFMPKKVHGTDKAAARLLDMPYMRRLGAVQLLETAGRH
1353,MLSAKAVESSFVFIAISPKFLKFKKYLMRLIIQYRAIFIKARQ
1354,RTQRVDNSGFFQNSNVMTQNFCNPTDPYGYGTRFGRSGLGFGGAEK
1355,MPNTSDNSKARNSHSVDNIATDSSAHHDEDGTDEDGDEDVADEYDANSN
1356,MGQRTALADVIAPVHGRVRVAMVMQVLASAATHCW
1357,MDIFKMDAIMDFLYTIISGVILFWIKIIISWSFTYNLF
1358,MYRVRNVMTSNTKIHKTLQCDDSVWDQKEAHHQWHEDEH
1359,MVSVNKSSLLVHIGAPPRICSRSLPGHGSPQRLASLLARPQRPQ
1360,MEKKTVKMYAPIVETIWGALVVVGFCSYIFLV
1361,MLILGLARKIPSSDVFEYLLIQQLCGVNVNGLMPLSLILPSCFSNT
1362,MKRTYQPSKIRRARTHGFLVRMKTRGGRAVINARRAKGRKRLAV
1363,MKKSVKILLSVATFAYDPYTCSLQNLINPGSCNPNLVPNDEYAC
1364,MKLLEKVANYLYEAFARIFSANHDKYPEIGVQPYEGEPYEKRHASDR
1365,MNTYDRICRNNYCQDLVHINEQAEMMN
1366,MARLPLRQRGGSSPAGEEQSRRCGSRSRHG
1367,MVHITTATLGCVQSVLGQTTSTVFPFHCAFFFYFNFPSFTCPCHGFTS
1368,MLNNRACLFHGIDMYNNTKKSYRKIYRKNDKSRAYS
1369,MIVGGDRVAMKSWMAANNRDLRGVPKGLVVSTAGLINVMNYLDAQRAPL
1370,PKRTKFRKQHRGRLKGISYRGNHICFGRYALQTLEPAWITSRQIEAG
1371,MAEIKRTRRNTLERRCLGKAFKRLFVRSPKGVFKMLEKVKRV
1372,MAIKFTRSDDLDKMFEEFATLPKIEKVEFPDEKEKKTKKEQKAKKS
1373,MYNGIKANWFRPVRFLMISFLSARFLKQFGISLLKEGLRNSNRESILRIW
1374,MVNVKKVGEIYKCEICGNVVEVLEAGGGELICCGEPMVLQE
1375,FAYVTNFKSDNVSVVDTSTNPVVATVPVEIIPFGVAIK
1376,MLFNGDMRMDDLALGKLFNLVLFYLPISVRQKLPLRS
1377,MKLLQKLLMKWAAITLQYTGSELAENCGSSVFATE
1378,MSDGFEELWRVQSQELIFEVFGLFDQKPVGNVQVEPCLL
1379,MKNTCSTNWKHHPFDWKHHPFGKQGFNTETT
1380,MRMCYELVQVYSASSGWRSSKILSHYQAIIWGISLSILSMWHV
1381,MAKNPVSSAGVCTAANADITSWSSPPSDDSHSPYPFTAACDTPR
1382,MILDRKLVLNCKQKVWLQKHISLTPWQTMMTLSTGLYRQP
1383,MIVCCVHHLSLKKLYRLGWVLGEIQALGRRG
1384,MQLQLTVRWFCSWERGCALKIVPQLVCNYTYYIGNKLVRDIIPNSLKNS
1385,MESWWAFRVWDSCVGIMAQAENETSVSFLKKLRGVSSMQS
1386,MQQSKNLLRNNKTKDLALAQVLLASLTARNIKSLTLQA
1387,MPMPWQLLQAALHPFVTLPGRVMRYGAADRTCLPIAQVA
1388,MCGKRYTEKFKVEANKQVLDHGCPVDEAPV
1389,MHDCRSTYFYCKGLMNHLLHKNHSKIVVWHAKSYLQRPQEKIIIGSVTL
1390,MEEYRVFLELHRSRHRDILYPLFFREYIYGLTYSRGSIFVENVG
1391,MRENKQISEPLITDRNVVMQHVTV
1392,MGGVCKEGDLKDWNITKELAMDRNTWKLAIHVLEP
1393,MFLQERACPCALCLCVEVVHQPWIHRMRDMCECCCKCKACRFQ
1394,MKDQPKYKWNKLYTLILVANTAYIIAFYIITNTF
1395,MAPVLWLPHNRKFSVVRIKNAMPGKKQATLHETPTHPE
1396,MINSEGGCAAYLACSTLRTSRSAAASWTGCSAPPPPASPSSPPSSSRPE
1397,MIGESWGATTLPRIAERRCLFSSRLGKTIVCTSGLGVMPS
1398,MNATKAMTHSRYALHLAQPTRRLPVNLIPHSIAIVAAFTFISALVIGAI
1399,MMVIFLLVVIVKKGGRRFKETIPVRNDRRVYLPIHAGVNKTANANDCSL
1400,MVEPLLSGIVLGLVPVTLAGLFVTAYLQYRRGDQLNL
1401,MHAVWIWSSATKVDAPMAQTEVWRRNRYPLVEIEVP
1402,MALHKFIGESNLRDDELDMCDQDKNYTPIAETSSSKGSDGPS
1403,TSISKKRIRKNIWKKKGYWAALKALSLGKSLSTGNSKSFFVRQTNKS
1404,MYHANHAGRGCFESLIGGKLTSETNKKKKSISRVLFHATIWLQKHDFFFN
1405,MYFAEFLFDVYKGLFHCLDRMRLISRLFYIDLVDQEHPLITCFKNG
1406,MVIEVSKEARKKLDSILEKKDPIELVKKRLRIYVSGRG
1407,MWYFTWVLGLGLALAFGVLNGVWYEFNLTDDGDAGLSEP
1408,MLFILYWTERVCAVLTCHIVNNMVIQSECHVTL
1409,MYPPINLPDTLKNSKVARFIYYFTFEICAINSASAHNLPLA
1410,MFRKGPPWIFSDRFLPFTPFVPATQCAIGGKSARCH
1411,MKYTAKVLNAKGLKPTLKPKPLFLALFPLTGRNKISLFK
1412,MRQNPLELKEIALDVCDPSRSTKPIAPIQPRLWSKEKRPIDRRGEEEKRE
1413,MELVRLLLDIVRIILQIIVALLQLTGQAH
1414,GHEKSLNAIKKRFIEGRAKKAQYAEALRGYGDAVEEMKSHQREEAKRLGI
1415,MIESDAKAIEEDREIQQNALSNSAYHSLNSMHHFLNANP
1416,MVMSVPIDEKLFIEGDLKTMWVHLTQVLKGCMETLVIAPKIKNERMS
1417,MRGRATSVTGSLKTKVQVLANKVLPDGVKAAVHRSMTEPGTGEEDGPKR
1418,MCKRKGSMGKNSMSLRWACTGINHKSFVILNTNNQFSH
1419,VNCAYVKWGTRVQDTFTYAKVVALIAIIVMGLVKLCQEICPWPLGFLCQL
1420,MWGVGCGVWGFTDFEVVNYLIFREKVPEFSPRSPATAGTF
1421,MLDQNELIHPQAAVAPGYLANHAARVFNRLAMPNYGRAALRWR
1422,MYACASCNQSQSYGKLKAIYNNVFKVRQLFNVVTNHKVTEN
1423,MPAVFAVTQLSSQNMEDMGMKMMPTIPLPKKKEREGKERCLLFFLRMKDA
1424,MKLSLLEKRVPQSHRYSRVPQTLECAFQSEWTA
1425,MNIDSLPSIFVPLVGLVIPFFATVFLFLYIERENREAFDPTAIK
1426,MHCWKGRHLKTYLPFLFVQFIHVVHSIYVVLVCQLW
1427,MRTNSTTS
1428,MKYFVTIYIDPLFDFEGFTHAFLGLTKGKSPDELDKQGDIEMEKI
1429,MGTDVDPPASGILDAMEFAQYPRIGVLLKEEKHPIEKAAVLHGCTI
1430,MKIAMFLQCRSRTSNCSTFDVSGESDWPL
1431,MLELFSLDTYTDAFVGHQVMRDMERFVQTVAQDAAVVAVPGLH
1432,MAKQNHLYPLPLKDIDTVHNPLLGDSYLRGSLQLPHTTSQALGNWKALLP
1433,METATVLSIFISSLLLGITVYSVYIAFGPVSKELRDPFEEHEE
1434,SYFNKKKKNHLNAITAPSAIFIQGFATSGLLNNMP
1435,VPVILNFLEKGAQPTETVHYILKKAEVFKELQGNQTK
1436,MSTAVENFQVPQFSAIFIYVDILFPSRLIIN
1437,FDKLASRYLAGVTIASLMLWLRHAELSDTP
1438,MCSSHMQIQGYYITAQRRDPKEVQLLARYPEENVNISLKRRRDISTTAWS
1439,VLVRGGRVKDLPGVRYHIVRGTLDAVGVKDRQQGRSKYGVKKPK
1440,MAYKHILIAVDLSPESKVLVEKAVSMARPYNAKISLIHVDVN
1441,MKVRASVKKRSAECKIVRRKGRLYVINKKNPRFKQRQG
1442,MAKGQTELLSAAKKAKGRASSEPQNVAPAEGRQQGYKPQFDD
1443,ERMKKGEERKGERYKPRIEGGGGRLVGSSRERLEEERKKHPGWDPLQVA
1444,MMLIYRQFSQYYHYISRVGNAHLGYYLIAGAWKAI
1445,MLSAVSLEDLVDAMIQYLPEYYALVYEKFRRRRYLKFGKVNLNL
1446,FADIWKKGGYWSTSKAFSLAKSLSIGNSESFVVKQINKKTLE
1447,MFISISLFYSAWQLEGVIEYCKFVIELQALRMMGTSYKKRASGG
1448,MKKKFFKALSKINKKILPNYTKKELDLRKASKIQMAIIGWKSWVTKNSLD
1449,MIKCLTRSDARIAPQCPLYAECGGCNLQHLSHEAKSPPSSSR
1450,MLGTDGLIVAHLFPPIFQFLRQTDRAIRPQLKTKTQPQDT
1451,MSHEMNHEMNHEMNHEMNHEMNHEMNHEMNHELSQDRIHKPGRA
1452,MLQFLKRLFCFHEYDYESDIFIQIECRKCGKWLDE
1453,MPETPYDWSGKQPEKRSRQKRLMVIAAATMIALLFTLAVVDAILILVD
1454,MNISFESAVLPGEVVALPGLFLFTNIFEKQEITGTQMENKSKNN
1455,MLFVLIVFVHLSHNINWALMTVHVLTKTCFFIGCK
1456,MACNLILSSAFSAESPVVSLCKRLYKATQQFNTTV
1457,MRCGKAATRPGPENASRPGSPAPLDRRVGRRRVSDFGRYREPGLPP
1458,MMLLYVIAVGTKPSLINLFNISSTSQTRPTMQRPFMIMLYVYSLQETPF
1459,MAKRFSAEFKQQAIDYALSNSHEPIAAIAQKLGVGYSTLDKWIRETNPVG
1460,MDLKQGDQSWQDEVLMIQEGQCWVIDDVRYLGGSVHATAGTLRQSIENR
1461,GHPARAILPYCQALEKFAPHIQQLSMESNGKGVSIEGVPLLFEAGEIDFG
1462,MHNQTETPSNDTHRPEDETATWPIQQDPEPEALPDDPDIQGDDASTTPQ
1463,MRNKKIISFQYIFSGNCAIIKKESDAETSFSIVKPFKNGDKN
1464,MRRLTNRRFSSEIRHGVRQDPWDDKPPPPRRGGPGGRRVLPPPG
1465,MPFPGPQSDKAHKLESGRSLHQP
1466,MKNREQMVNQGKTLVSNSGSKLLQISKLSQNYNVQMSFLK
1467,MTQSWQLLALLSAALTAVFAKIVAAMSIRIDKSYPSVRLG
1468,MCSTPMSMVNRRSCFSSLPSRDMYNDRAHHLKPFNSWGWFLQVAISGVC
1469,MIIVFSASIVQIHRADERINFTPICAWVSSKTCAEERENTWTM
1470,MWEIVSQGLISMSTWTEPEASPHLVQKC
1471,MAANNPPGRAQLRGGN
1472,MLVSHQGPDAIFTSEQVDRIMKLLEDIRSTAVAA
1473,MTRAKVEKRIHTLRREDGAVLKIGQMLRVGTSVVQRVLMDEGS
1474,MHTGRPMPVPARETDAVRDHANCRCAIPAIRTCSPSAPTRA
1475,MAYGRPIASETRLVQEYGIARSTVRRGLDVLVEERVVWKVQGRGT
1476,MPLSQRGSYSHTYSGVTYRCQRIKPGLSRTHISESYVMTYVS
1477,MFVYACSVSSTVIVRCVSCTMKLFFQIKLLFATLPVLYAGSRAEAMLKRF
1478,MLCKICCFQWFKDTNLKANHNVVFVLFETHRAVSNGSKILI
1479,MDDETMPEETPVAPTEETPEETPAVPAEETPTETPAEGDEAETTV
1480,MRGEVFLRASFLKDVLVDFLFCESSVRMLFMKFFCGGFDSGS
1481,MEWPLSSEGLGSRPRRRLRSGGKPQICGGGQPRRRTSGRGTRGT
1482,MKSNRQARHILGLNYKLSNKRKVVIEGSNETVVTHASGRKRHADK
1483,DGGWSDWSAWSDCSVTCGVGTQTRDRSCTNPAPADGGAECDGDAEETQAC
1484,MMMWGNMS
1485,MILILSPYTTQNNIDKDLRFYRQGINNHHFVYLTTGWSFF
1486,MKFWHKAIPVFPAKDPAIAPTLIKIFRAAFPEDRELVKVVLTHC
1487,MCNIDMTQLLFAKPPGSCVPSRNGAPHAVAPKLLSKFKNALQYT
1488,MTPLHPVSLDKVVGGSIWKPTYPEKQKLLKYTTITVDKNRH
1489,MTVEWCCVVLSSLFLSAGLLSELSSAAFSLKVN
1490,MQPQFASEATNIKIKKKEKGKKQASSIPLVS
1491,MMENVLNDTPINLAKLHRDKGGKDTTYDNIANSFGIAWEGTCTR
1492,MSSVSTRATTITTWPTLSAMLPAQPTASRHSSRSWTRSSEL
1493,MADTTGRIPLWIIGTVAGILVIGLIGIFFY
1494,MAADSVFSYLLFSKFVTFKGKRKDVNGFIQYIVNRSIFI
1495,MEFQLLVNCVLQEGNAYFLVTKVDDVITLKVPITAGVAGLFLALGVPRCS
1496,MSPYFRIRPWGLAHTRLQSQTHATTSLDTPQA
1497,MPHIAIESTANQSDSATNCIHCRDWVPEDQPGD
1498,MNKKSFLTRLNRKQLPMQSLAKSKKIFKAPFNDTICKKY
1499,MDAATPFLLETLGEDTTDFNPHFNHTIEFINPVSISS
1500,MLSYFSLCPFHPFFYYDKICELLTGKKKGFRSLGSLCVSNGADYRT
1501,MSLPLHAWGQEKGADLFPNSQLHIYSDAGYMSIFQNASDFAARTVKFLQA
1502,MAVKKAALACTECGSRNYSIAASKNRTQRLELKKFCKHCGKQTLHKETR
1503,MNGSSSLGVFFHPKGRQIPSFSPHYDHMCCFICFLSFFTTFSGSPSKMMY
1504,MIVEFYNYEFSLKTKILVVGLKWNSNSTFILKNSSYETNSDF
1505,MWHAQDQLENSAIQIVRALWLMTLATASRVTETRLQPWSS
1506,MVGDFALAKLLDHQDSHIKNAVRGTVGHIVPDQSLEKTDVFRFGILLLEP
1507,MRNRGHCRRCGRRHCPRRMRNRGLLRDLRRRRRYRRGGASPRRR
1508,MVGCAAKLVCPIPLREGAANVSRGLLV
1509,MSRVALLTDPRGRSSLIRPFVSFSAHEFTSLVTSTALFWKSTEDKAALK
1510,MDSDDFLGLLRMELNPANSNKWNQTQGGYQLIKYSRPRNSSWQCPIL
1511,MSVIFFPSYYCRQETDIANLSCLNNCSVPSQLFNILLYL
1512,MPIEPKGQKRPADMTSPASKERGAFRWGAAYAS
1513,MVNKKDIGYNKELEDWVGGAYFEKKKNNKYYNFIIDNSIIYLYQKLCI
1514,METAILGEEIVNSSHNLLPYGPNGRMESGVSKLVKLVKYEYI
1515,FPAILYFLAKGAQPTGTVHDISKKAEVFNEFRFNQTKFN
1516,FGSNLNKYHLERFYWLMCILSGLNLSHYLFWASRYKYKSMRKSLSLPNN
1517,SKAFSLAKSVLTKRSKSFYYITDDELINPSESVSIRDE
1518,MLFLVDHGPYTSLGSCTAPWSLTTVSSSPANRYYLREGAK
1519,MCPKPTSATGAHVFFFELQMTMFIFCFT
1520,MLEHIPNDAKAMSELMRVMKKTGVSLLQVPIDMKLEETFEDPSIVTPEG
1521,MLWRLYASILTESDDKEKRTFLLKCNTLVFSTTKITTDTI
1522,MFSMQHINPNTVINNFALLWLTQLPWSILGQIIWPRHTAHKFWIQRRT
1523,MLDPKTQVLTTTSRTLIGHGHLTTNTIKVVEDLGQRLERPVRCIVQ
1524,MRRNSLMEEQLHAVVSSVQQENTLTPNHNLIRHYSLMGEPMSAQRIA
1525,MRSAGRNPGWGRSMPVILTSGGPPSLSDICRRKHGHWNPYCIP
1526,MVLTDTKVRAAKPDGKGYTLTLLVFIRSSELCFARWDEIDFDNAK
1527,MNSVCLECIRVRIRKVYVCREGDGVTIEIRQGEDLDNYHGQ
1528,MRMFRKNILWIAIGNRNGLLLISKKIFSCCSSVKKSFKSFFKRIN
1529,MEKEEMNFSRSQQEVENMIIPSVEETKWNQLIEILGWIVIENIEIKDITN
1530,MVKELQEGETNQSCRLFKFLTFVLYLLLGNRLFDQSYFFIK
1531,MSAYVSLTDLFSLGIAIPCHHGAERGCPDTIRKSALGESAEGRELYGATG
1532,MKKRFLLSLSLSRLRYHRSTLKTTAFLSVRAIKSAKRCKWSKTPAN
1533,MGQNGYKIDIEGFIVSNSFIINNLELSLLK
1534,MLNITFKENRQRKRWRFSFFGVYTYSCKPFRSSNESTTF
1535,MRQRCPNGLTQKSSSCSPFFTPAIASCPVLSLSLFLCSCV
1536,MFKKRSSLFSLHIRRGGAGPLHRLGPFHGLGRFNLSFSPFGAL
1537,LMILHDESLLHLFSCRHFYVQDHALHDKHHMEKLRTVFYEEEEDDVTWLP
1538,MSTNQTPSGESQGERTRAPGWLPGAAIGALGLCAVIGLA
1539,MIERKRKHFNKEFAKSNLSLNNEKWKFVCSKSKHFFKKSS
1540,MYGRYTHRLLLAVTRDGGGKILRITFAITLGESGNN
1541,MHTRIIIRGKTSHSVLKINYSAKEENYSQKKKRFHHRVPPKTVQE
1542,MVKDVEPETYEFEPKKLESSKEYHILSLAPEHVRGLTEKNGKSSS
1543,MSPCLFCQAITGFRSSKIACRCAGGKVAEVIGS
1544,MRDENTSPHLEQLLAKLQDRTAVIGIVGLGYSVLK
1545,MHRKDIRKVFRHTSITGYNGPTCPSSSNGKYDDANAAAHAEPPHECRANH
1546,INKIRTKKNELLFAEIEYMQKREMELQNDNMYLRNKIAENERAQQQMNM
1547,MEIALLLAKLPEAFQIFDPLVDVLPLIPLFFLLLAFVWQAAVGFR
1548,MTPQWWNRTLIHRNNQIYNGKGNGSPMKLNRSGSKSRRSIKSNLEIRL
1549,MKHGKTITVRNYERAVGWLSDHWPEDKPWPDFIERPTKGV
1550,MKIAVIGTGYVGLVTGTCLAETGNEVTCVDI
1551,MWISLNRVCICIVSTSDLLQDHLAMNRVGDCACCFFKNNLIHSS
1552,MPSRSQQNVSQCSKLAPRKQRWRGCQALYILKTLCICS
1553,MKHLSCTRRCYCQVYAQLTRFFLASLVVFHIVL
1554,MVSALITVAVIAWCAQLALGGWQISRFKPCLRHTMPARAGWRGPFKRAL
1555,MAELARNEISTEDVVVLAYRRGQLKAFSGMLDGRNDISEND
1556,MEQLNELELLMEKSFWEEAELPAELTGVFFCRSGRGAVA
1557,MIFEREDRIHLLEKLDMSDGMTLYSHFNIAGYSIIINFFNNLVEVVSLK
1558,MAYHAELVISRIDAQSSMFIIRKEFNISK
1559,MTLKSIGSLARLFQTSRSCTSHYPISNWYFELVNLCKYGMYRLV
1560,MEDNKSTNVKKMVKSGITFGSALAMVISYKNLMVSGTNVCWIM
1561,MSDIELQQPERAVHEAEDQINDFVVDVFKKNRGKNIKR
1562,MPVRFFITSGTTADCTIAERLIEGFQAEYLLVDRGYDTTQSFSKLLTKE
1563,MFPLELLYFLRQIETSSIIPVLLTVRL
1564,MEVGLNVDHSGGSDADQNTESSNNYPQNVVSTHDRVM
1565,MDSIKTLKILKYCTKQGVPCRAIVVGKTDNVLKVEFF
1566,MSSTSFWQLVTGQWRRIPLTTASARSGSLCTNWSTQ
1567,TSVHWHGFFQNGTNEMDGAAFVNQCPIIANHSFTYDFSSTTQAGTFWYHS
1568,MRLTQGTFSFLPDLTDDQITKQINYAISQNWAINIEFTEDPHPRNS
1569,MKDKKGKKEKEKEKKEKKGKKENDKKKEKSGDKKK
1570,MGNRSEILHYIHPSLATIFSSSWRRQPVRPSLPGHPSNWSEDNFFE
1571,MTGSVGSLKLYLRVSTKSLLRYRILNCKHCSRRPR
1572,MGNLLYVIAVVLVILWLIGFLGFPDAVGGLIHILLVIAVIAVILRLIRRA
1573,MQQIVGAMALPCPLEDIDASRTFFDLVPLIKEARRIGGFSPKPPIG
1574,MTCCIEKSSIFAAAFGKCIYKVSNIQYYFNQKT
1575,MSYSERGLFGIIFDSHLLATLFPSLINIKWILRHFTRLRTS
1576,MVPSSSLFVSVDRQSGAQSTALFQRKYSGGWLLPDAWLEFQQAVHPSD
1577,MSKKSSKKRQPQVEPKKQDTVTFGYEEMLTELEAIVADAELRLEDEEAA
1578,MANDAKVVCKNVFKNCDKAAFTKAFTLKWIELINQYEKNKGRATPAR
1579,MSNQNTLQWFLAKSYNLQNRLIGCNFESTA
1580,MGRSSRGAGVGAAARSAPAPVARRMTSAAFSAGKSSNTTTLPP
1581,MKSIFETDFKRHSEPRLPSTAQINHQLRLITYLNPGKH
1582,MSWLKNVLYVKKPLLVAEGTPQRISVCTRCLRSGKVERA
1583,MIDTLAGTVLNDADSVFFCFIYLTMDVLMSNLCLVSVALN
1584,MDFYSGTPLKGVATLLGAADPKLSKLPDPKPLKLTITPGLQSESY
1585,MRSIPYLTFNGRCKEAFAFYKEVLGSARDMPQFLPMG
1586,MGRLLFMVALTCVAYRIYTEIAGSARHAPQDDDEALRKQSTALGVDPSR
1587,MCMFMVSTFNETLADTGVTGPTGGMALVKTRSWVNIHVI
1588,MILPGRSPIGSSIFRMLKKTEFPYGRVLKILRNCCRASSFDKCSIS
1589,MLLLVVIMFSSLGHYFHLCNPCAICFLIFLGHGLQIGSLAQLCVDRYL
1590,MLASNRMHAHQFPLMWPNIHVQFEANYTLNTTQKQHAFY
1591,MEINVVRNQRTSMARSAGSEVGSKMKEASPTFLETFTAIGAQTEV
1592,PKRTRFRKQHRGRMKGISYRGNHICFGKFALQALEPAWITSRQIEA
1593,MTKKEMIKRKQRKELWGFAELTDATELMVQMVKAAGVTEQLKSVA
1594,MGVVVAREESWRWARRESKKARAYLLVDASLHAPCYSTSMEALVSEISGF
1595,GVPKFLRRVDTAVKNIGINERVPYNAPLIQFCSWMGGDRD
1596,MLAEKLLPLPPLSEQKRIVDKLEEILPLVEKYKEDKE
1597,MGGEMFNAALLSFGLIFVGWALGTLLLKIQGAEEE
1598,TTPVPSVGENWVTKFVQRYPLLSSRFLKRYNYERAKYEDLKII
1599,MLHSKGAVPKYRKHSSGQARVTINGRDYYRCLKMQATASSTFPV
1600,MVFIKNNMILCGLYRFMGAYAFYGLSYMLYNRRLFVKID
1601,MQDQLPLFVSFVVKMTALFLRRSFQQPDVLPDSMMAQPRSKFSD
1602,MFPRYSLTLTGLKCSATNFEYCYVITIT
1603,MAPQGKDGLLLLSVDEKMEGRAEMSCLLLPCCGCSRWIGN
1604,MHLTNASRGTANARHFYHALVFVIPVLCGSLVVALSAP
1605,MKKFLAGLVIVCALALTLSPVSSELSKAKVKEPVQMRMDPGTIG
1606,GFYDPIKNQTCLNVPAILYFLEKGAQPTRTVYDILRKAEFFKDKERTLS
1607,MHSSHHIAARIFQGQLKTRPGFVERQTTTRHLGTQF
1608,VVSVEQTYKEMKEKGIQFLHDKPTQGRYAAFVDPFGNVHEIAESFG
1609,MEALVYTFLLVGTLGIIFFAIFFREPPKIKTKGKK
1610,MGKNNEGFAHIVSNRNQICAHMITNQNKLQQDKHVTWRGGRGHTR
1611,MPTGLDSRLRGNDDSGISDGSGIPDKVDFQGVV
1612,MRSCFPHHDQLHCFVASPLSNAWIIIIVSTTLFYARASFNHSCLSLGPSK
1613,MMMEIQGEDSEIRQNREKITKQYQLAKTTWRSRNPKASMKMECLGSRCP
1614,MNNSNNINVMFHSVFSPATGKCCFTPLGDSLQIYPNLSDKTNKL
1615,MILIHSIVIAAESSSGRVNPLRVGLLSRNLPRSDLLSLQGSHQWA
1616,MAIKSAISLAFISSMILMLVTGINAGGIAIYWGQNRNEGTLAETCG
1617,MADEASNEGKLRLPFQVVTVIGGRKERRSTGIWDLRETSSQS
1618,MNIGQVDDLHCNRSGMLPSLLYYNFIMKKKSYKLNLEIGDGMSNLSKN
1619,MRWLPQWNSMNSIVWHNVWCSNSKLARRQWVHYQTLRFFTPDFIRFGLL
1620,MTTPEPDPPQPRDIALEMEDEETAAHLEAQSDPEPAPGRSD
1621,MDAVDLKAEKVITKAMTEPTYVTIGLAWKKDKYLS
1622,MMHKNPFQRISQVNCKFRMGFTCLRNHCQILAGTSAEKDNGQ
1623,MLQGARASCSSI
1624,LCGAVPPIVCRAGPGRSPGRWALFRARSPRPVSNPSAVPA
1625,MYTPFKVVIKILTTDSSRKNQGDLREFLAGMKK
1626,MYFCFLGALRRKRRDGYFKSFQLEKFYFAALFCQLPASI
1627,MQHAVGAPLPPHGPGSGHVGRPYQAQHPGHPGPPPISPP
1628,MVSSTTSIAPISRETHSRDFLSGLIFSAQVCYLESRRTSDCR
1629,MATNLPEQPTKRDSKFKETLHQNMQFIKGVFYLTKKIFML
1630,MFTSIFMASAAARAAIAGVLLAALWLATWWAVTLP
1631,MASSAPLSGGVPVLRCPVLFTGTNYHDWVPRMRLHMHGLHLWDSYW
1632,MTRIVLLISFIFFFGRFIYSSVGAWQHHQSKKEAQQSTLSVESPVQR
1633,QKQPYIELGPTYYEEKKRNMIIRQSLKKLESLGLKVTVESVAS
1634,MTVIWGGTLAVLLARLRKSLFRVDKLSCSVEDRIKRLGVYYMCIDDLL
1635,MVNIISFLPTSRHKEVIGNTHKSILPLESLKILNTAKEDKKE
1636,PQDERVDSVYTDGAYDTKQCRQVIADRQAHAVIPPRKNAKPWKDTKMAR
1637,FVTSQKQKAEFVQGIDYSIREIAQKGVF
1638,MTTRRAMTNIRMYNEFMLTREFRKPMNEGPLIFFFVVLPALYPSRN
1639,MIGNKSVRFHNKFVLVNKIEIFDSCTYIVGTGNLGTKVYLCNSF
1640,MGKAVTNSAESNLNFGDYLLQRYFDERKQANKLRIVSLPLNDNILHSNK
1641,MLSQDGLSQQSGVSRAVIAHIERQARNPSLQTLARLADALDLSLETLLSQ
1642,MQHTFKEWILTNNQIVGNLKLNTSQVCKVSKRTRLRFKLLKGHSSDLS
1643,MSSIRSVCVQMCLFGR
1644,MMGEMPTVEAANRAVGTIGLFLFIGTSAYLAWQFKRFFGNK
1645,MKTIPTEVLSKELMEREGVISITVKEFEKIEVAGVVVAGPAVILINQD
1646,MVSQLRHEGWGHSSFDITGEQEMGAVVVHVAGKTDEHAWRGTSLDSLRN
1647,EAFTNKNIVVILPSSGERYLSTALFADLFTEKELQQ
1648,MAFFAIVNSEKYKGYRPQHNSYIIFFSDMPNCM
1649,MITSACELVDQQEAVIKNLKEQQQALIYFLGGLTIISLIF
1650,MGQALRIKIYQRHLKPLDVITVEAAFLIQFLEVPDDKSNLF
1651,MKRTFQPSNLKRVRNHGFRARMATKNGRLVLARRRAKGRKQLTI
1652,MDNIHIIGVFKFLFYKYGVNFGVEMRNIEKWIVEK
1653,MRDHICPARCPLRHSKSLSPPPPPAVASVTCHLTPRSERLN
1654,MLDPGLPILIPNATATQSCSTLVGWRASRLHYNIRPSKMDPVVKRRIC
1655,MEEFQVYLELYR
1656,MTMITNWSSVQQFAISAGLFVGTSIDIYIQDGYRHLALSDVPLKAMLKRA
1657,MKRMALSVPRPAAMDEGLRLGAGGVKARAPGFPCEAARGVFRQSGGPGRL
1658,MPLPVHRHTQRQLILLRLRPRRRRRFTLHRLVKWAHQAVAAGHGHGRARR
1659,MRLPPRRASARWSARSMTSLPSSSPSTPPPSLVPWRSPSEARSLKL
1660,MALDIQVGPWSQLLTLVLDIQVGPWSQLPTLALDIQVEM
1661,MIKIPLQGVFQPFSLECRFFLLFCEKSDIYGFFLGILTALY
1662,MQRIIESPGWWKPDILSILKFPLKLRSETKVGDAGVFYR
1663,MVLGAWKRMTPGGMPGKFAADMPLAPCLESTALYDLNDEWCNEYLQKASE
1664,MWTAGWIPTTPRRRRRRSRRWRPRRRRRRRRRLR
1665,MSWVDGLHRAVNNHVWLSFRRVADSHSLSEDYEYVHINCNASLSNF
1666,LKQWRRIATRYDKLATNFLGFVKLASIMLWLK
1667,MEKKDNQVKIRLGSLVLMIFSSIFGFSNSLTAFYQMGYSSII
1668,MTALLGKALKPIPVNETLLDYLQPQKRLQFIKQWRSAAAK
1669,MICQLTKYFSSRREISAIDCYLPGIHHLVSPTIGST
1670,MAYIDSKKLKEEIKNAFVDENQEGIEGITAIGINGGLNMVLQIIERMEK
1671,MKSVALVYFEFATCMLNEASMICLALGNFLLPKCGPWSGTAF
1672,GIPCHRVVRADGTLSGYRWGSERKRALLDKEAAI
1673,MIPAETRLLGNSIPFTSTRVPQSLQFLQLVLS
1674,MKIFTNKKIEREVELWPYGYACFGAVSWGFYLTRICT
1675,MTASLNVTKLFSLTRPSVDRRVPNSVSLIRKTRDRLVSDTLLSKLV
1676,MEQAGHVIDIVFLTQFATLHRFHKHVSDQQLVSSVGGNKQWPNFVTG
1677,MQVASVFISKLLRLSGYNAAVCSSRWQGGGKVPGGDNETWTSY
1678,MVVGVDPLDPSVPTLAWAADEADRRNLPLRLVLAVP
1679,MHEWTASAAQSWVAVRGDYKRHGEKGQFSASLSADTPGGRCGLR
1680,MGLNVPTITLDSNASNNEKILGLGVLLYSLRTIEIRKSRASA
1681,MVSLSGNIELPMKVIKCDKISDAEFDLYLNYSEKDFGKIEEIEDLIRDLA
1682,MWTPSLPGSHGHLRVKHVIHLWTYSSTTFCLLTRLQCNHEGSFQD
1683,MIRETQYMEMWQQYLYDVLSLLTKYNDNTVTSLLPYIKR
1684,MINSIKLRSPYTRNIKRYLNKDFGSDDDYMNNIQLDEYIKFGEYDK
1685,MARRRGHRRRDSPGRTPAPAASSRRAPDLWTWSRTTWPKITP
1686,MNNNMLGNITVGIVIVLAVAACGLGVWLDRAKTESQDNNTDAQSKN
1687,MAKKSVATLQTGSKRLTKAIKMVKSPKTGAYTFVEAIMAPEMVNDFLNKK
1688,MEGMTHESKAMLTQLSKFSTIATDWLFLCCMDNASAIENSPCIL
1689,MNTVLTYIFYTLTSPGFILISTASKIFDSGDFSFNLISAYYVIQRIKDII
1690,MLGTILVILLILFLIGALPNWGFHNYGYGLSGGLGLVLVIVLILVLLGRI
1691,MAFFSTLISTVLKMLFIGVFAVGGVFAGKKLRERKDAKNSETK
1692,MSTSYADMMVTSSLGDSKFAGVLNQDSIFGPQVHASKKRVKGLVRRFNFN
1693,MDNYKGLVIVNLIAFLKLYLDENQRQKKQFKRNFCTDSD
1694,MYGSQETYRFLSTTATDPGGTARRAVPATTSMSSSVRNPVT
1695,MEYINPQRYKGDINIIYMESNKPFGKKILSRFKLLEKDCQL
1696,MNKCSCKQLVYSFTRQLVNSKDIRKNEKTAIDLTARSVAALRHLGQEEG
1697,MANFIDAYNYGRRLKALKGLTPYEFICKQWTSEPVRFKVDPIHLMPGLNT
1698,MSPASYLDGHKHPPTFIAYSRAEGRDDQSKALPNACAPSALK
1699,RVTGNQGSIPEREPEKRLPHLRKAAGTQITHSRHGEVVT
1700,MQIYSCEPQLKCPNTQFKKQCVIGFGCTDWEDKI
1701,MSGKRVLACDICKSRNYSVTSAKKSDTRLAVKKFCKRCNGHTLHVETR
1702,DLAAIEAPTNG
1703,MRGPPGARRLRRRSAPLPAHPAESSAPPRVRDDSPSRSTPGGPPEK
1704,MIGFAAESAALPLRRRRSHAAASGGERARRRWRAAYSVRCCRGVNLPW
1705,MQHHLPGTYICQLCNSFVCPFAICSQFYSHVLIKLVIPCMQ
1706,MEEDIDTRKINNSFLRDHSYATE
1707,MDIDKWFFERMIEKNPFAAALFAIERCNENEQKKLKQIFKKKIKKMYK
1708,MPVKVRVMRDCIVITPQHTRGLFGCIEGMGVTRINKRNAEQWLKTFPGR
1709,MSTILPHLSHCPPAPRHALAAALCTGALR
1710,MLELDFCVLPAEAPALLTPSINLSATRALMSSKGKAPQSFE
1711,MAKPKFERKKPHVNVGTIGHIDHGKTTLT
1712,DIRCWNDLELDVVLKCDCKSPIVQREAFQPFFEKLHSPESEDKNNISYI
1713,MTTSNSRSFKTIDRSYRIKVIFFDSKAFLNDLIPKNSGIFQN
1714,MHKRALVLTALIGLLTLAACSAPARDIPLVPQPTPGQF
1715,ARGKKNGLDYLFHLYELCGEFLVQVQNLAKDCGDKCPTKVTNQV
1716,MMNLGSPSGETGWIVGRRRRMRRKHQLKRLQQKHRHHLLSKNRSWMKRT
1717,MSFLSVSGLKAGLCRVSLLSGVYGAIPLGNWPNNFGE
1718,MGSMSSAYLRLKFSESHPLANRQQDAKIIEAWFSKLADQVV
1719,MRAVFGAVGVRFLRTQQRVKSQCLYRFGLLWLDRPVTV
1720,MSSQEETSLENNFFVKPGFSKRLALIYQHQIL
1721,MDMRLVIVFLPLIAAGSWAIYNIGRVAIQQFRSM
1722,MTVNISNDRTTSQYRNDCRQADYPFKGRKERRKEGRKEISY
1723,MEALVYTFLLVGTLGIIFSAISFREPPKIQTKGKK
1724,MGRRGYVETEQDKLDRIQRLTEAIAEIESYLQFFDDKGNKLKMVVG
1725,MDFSKTFGLVYKALDYRALRQDM
1726,MDYEFVAEFQANGEDFVKKTMNKEEYNYNSL
1727,YGAAGTYLGADLLNNPGLVAQDDLTSWKTALWFWNVKNNCHTAITSGQG
1728,MSYRDHLDSRSELFNHTWTRPKHAKAQVNGQTQQTQSLIILANECKKRQF
1729,MQALVGDGVKPVTHLAIEILQSGEGTYAWPEVLSN
1730,MWHPFLDWYNNRRLLERLGHIPPIEAEKAYYASIGEKDLAA
1731,MPKLNNFIIKIKRFELKSALGKTKTKQFLHSYYFRKI
1732,MIVSQGKYVLQRKWAYMSRVSINYLRVKKVIEAFCTRKDKAKIKSTSR
1733,MELRHLRYFLAVAEELHFARAAERLHIEQSPLSRAIKELEVELGAQLF
1734,MLRHTRLLQRLILGVALLSGWQVTQAAPTHALTVYGEAPKYPAGF
1735,MLNWRRGSHGPTASAAATTASPASTTTSAGADGSCNNDDGGGELDLNLSL
1736,MDYNILCSGRTSKSMVMGGLGPVVMYYSVVVVVPAPAAAAP
1737,MPVDAQQVLCWTLVMVSATPCQSMKVTPFHMLFFVSTLLGVT
1738,THSCLPDMPIIYASDAFVSLTGYSREEILGCNCRV
1739,PRRNRDITIELERRYHERENNTQ
1740,MKFIFNLEVQRHWKPLEYKPITLTINLRGAVDDEVI
1741,MKEENIKRRESKLVRAYKEGHYEEALVKMVTKKPSVFKSIANILVSIH
1742,MPLVGTRPVPVRMPRPPAGSAEESKRRIPSCPDPLHNR
1743,MARMFVENVVEVAALCGFLAMIGVWSIAAAGL
1744,MKLKRNVYFKFTGMQSSLLAPALATKFFQDPLVGIPPAIS
1745,MLYAMPWNSKLTSTGISSVICICNLSPFFHQFSPCACC
1746,MTIRPFFHVVKH
1747,MTKMKCNVCGDEIRGKPYSFNYKGNTYYFCSPMCMAEFKKRSEKYVK
1748,MVNVVNAVNAVNAVNVVNVVNVVNVVNVVNVVNVVNVVNVVNVV
1749,ARLLTRLVPGPHLGFDTGQPRKHEGSVDTQPRRERYFRRVTYDPVPPGLI
1750,MKKLDWMITNFKFYRDSLRSILGQVLNKKLKSQPFSKCHKFKNR
1751,MLLCRLCCVVVYMPALKCLSYLPLCSMHRC
1752,METEDHYRKKANVYRTSPEYGKMISLYPILETSIKDCKDENLVA
1753,MYPFPVLNGGAPNRLRPTPAGAAARGCTGRPGGFPAGPSSTRRDGRAAAI
1754,MTCRHGRHWQLYHSWIESSRLHYTGLFSYHTGGKKRTFSACTSC
1755,MKMLVTPHDMNEPLCLIRAVVDVERCLNKHIVNVHHLAVLTCHGQPPYK
1756,MLQGWLSTLLLARNPVDIQNILDFLLLDCPMIRYNGFWIDFKMIA
1757,MDLDLTGRKALVTGSTGGIGYAIAKELCDLGAEVGINGRTPERVEA
1758,MFAAQLDSPHRAYNPDDADGSVSVVAIGAPSVDDVAPSDPAE
1759,MTISIIANFKAKSDQKETLEALLKSVIELTLQEEGCL
1760,HVILNISVSITHLFLCLNHHIVCIPVVVVVD
1761,MPMWLKKQMQRAYFEKNRYQIKLLNECWFYYSKIHQSS
1762,REDEALTSQVSQLTDKVTSQSAEIARLRAQLGGID
1763,MQHENGPCKVKSARNGDSMATWLHEYTPVSLLYILTMITGANLNSRCS
1764,MKRDLSTRTAAADLSLSSFLVPNEVESFLSSASSSFSTAEMVL
1765,MPELFLFFKNFRNRFAYPSSAAILCDCFSKPLNYEPT
1766,MQGGAFLLRQAFKNIKRVIFTGNFPGNLACQEFNLSAVGGQYQNL
1767,MQVERVSDEDTTNLKMRDYTKFDAIASSSSGL
1768,MKKIKIALLGLMSVAVVSFGLNSPITKDNASSELKYETVSYMSEHGGGI
1769,MTFYLHLRLLLRVLRAELIIDRRHVQHGRIKHRVIAD
1770,MRVSASVKKICRNCKIIRRNGVVRVICTDPRHKQRQG
1771,MLDPGLPILIPNATATQSCSTLVGWRASRLHYNIRPSKMDPVGQNK
1772,MASSKEREENTN
1773,MEMQVRINSPDTYIYEMVLQKIGNVSILINFILIKVSKNTKIFKIMIGD
1774,MARALHHLDLWVDDVATAEGEWGNLENGEGFEVEVVVED
1775,MACLLFFFSAKVTNLHYVPMRKYANLPMGECSDEVIKYSDNK
1776,MGAFYGTRIRRGIITIDEVPNFWRPKTEAWLKENPE
1777,MAQKKASLACVECGSRNYSIGISSTPRPTRLEVNKFCKYCKAYTLHKETR
1778,MSDCQLSIYLLQVIVNYAYLLLTRFALSDLTYSSDTKCP
1779,MFRKFVPLINLLGRVRWLKIFDRLTMPTGPLQEQNDKPE
1780,MYICYYILLCSYSDLISYFWNCK
1781,MKRPEKIQNVVKLLSSLGVNIKKTKSRLDIINTLPASNKVSHELK
1782,MLISALLSIIAQFECKMKISVLEYLFCEIEFEQCFILQCYLIF
1783,MNSNFLKYLSTVPVVGALWITFTAGFVIEINRFFPDILFFSF
1784,MELCDAIFSKDIVKTAWFLPCFDGCPASFYSAGLGNGV
1785,MKVLSSLKSAKSRHPDCQIVRRRGKLFVICKSNPRFKARQR
1786,MKSLTISLCSLKECLSMTDKFPLKWEVGEPTKTILPIHALTFILHNLL
1787,MDIVSLGWAALMVVFTFSLSLVVWGRSGL
1788,MTCTEHSGQWPLSVLPISDHNEQTVTCLGVIKLTCD
1789,MAAKKCFFGIKTDRQIDGDKMNRAFMDKVLVEGGESAAINACM
1790,MATSVGTIYYEVDAKTGQLLVAQRQADQAFDRIGARC
1791,MPDAKQITCQLEKASIAIMPSYTKQTCRLLISKEKEDNI
1792,MVCGNHQVAETPGPFFGVRAFRLFLQFRNVILFSGSCHVAINGA
1793,MADTTGRIPLWLVGTVTGIPVIGLIGVFFYGSYSGLGSSL
1794,MKRTFQPNNRRRHMKHGFRVRMRTRAGRAVINRRRAKGRKTLSA
1795,MSPKNNFKAFSISNNANVVSQERYEESQSLQTGFS
1796,MAAGLTPSRTHAARARSPARRTRKAHPPPRASEVKPRP
1797,MIPPIGLLNEADNGFYRPDQRNHLRLCYKNQLSVFYLF
1798,APAIAAMAVTQIGFGITDAAQLKRLEGGVTVRSLTEQ
1799,MIATVLLIVLMVVAVAATELCLRCSKEGKESVESATEIAGD
1800,MSNKPISLKQALYRAGLGISLFTFISKKAKNECETNLNNLNFV
1801,SEEMSHTFKNERKRQRLVPNQKGVDGEGGNVKCKAGLNNPVEV
1802,MPSQAPWLTWKGLLHPCQMLASAWVPAQQTLFYHATAHVAIIPRCWHG
1803,MRQRRPRTVQVDGNPSTDDAIWKSGCVLSLEVDGICCKMDCSSVVTYWVN
1804,MHDQAPALIIAHSTVYEPVRKEVKGYVVDPLGKHHFENVSVE
1805,LLDAAMKDPAWESRLTDLMNRISRDQDRKAFEGWAFKGGPADA
1806,MKKRLFAIAKKEVKQLFRDRRMMFVIFFFPVFLLGIFGYAVNFDVHNIQ
1807,MQQSSTDPATVRPRNRRRKQSTRPHSEIPSIQCLESSSTLRVIQLLT
1808,MDIICKECGMIYTSNEVPEGFVCLCKSKEFKLPKNAN
1809,MKSNQQARHLLGLNYKLSQQKKVLLEGDAETTVNHVRATGRKRRGG
1810,MPWAGSQTWVAQGKEVHMSITAGVVDRYHLNPPTH
1811,MLFEHFNHFGEVSQASRQTINFVNHHDIDFVILNIFK
1812,MNLREAGQFIYPLHRNEFEGINSNKHRRFPQTHAQSQPNQLPKTLETHQI
1813,MHVQSMSADMLAAQWLSIQAEFRRPIRDPRARSRALHT
1814,MNMNFYELELLINYKKEQLRKEMQYTETYRMHFDRKKGKPKK
1815,MGMRTRRSVRRGRRGAGRRGRWARAAPSGGGAAPWPARLGAPAAP
1816,MRAYYICEQPYGIKGKGGPEEIASLDFKTGDR
1817,MARGGGRGVGGEGDVRGSNGHDRHGIWEGRGLGAHGG
1818,MNKGVFKFSLNWLDCSNSSSLKPFLHAVNEGCFHTSEQCC
1819,EAFVFSLPDSSPSSSSALFSLSSVVAFASSSPEIDLPHRH
1820,MHNMIKIQAMKMVFFLFFFCFFFFSLTSVEYVIFSCRFISESRSL
1821,MVSVTLTASAIISIVAGILILVWPRSFRILLGLYLLIVGVLQLIG
1822,MRLKRAISGRCVSRMKIINTLAQKADKPGENRSTVKHHTNTTIGSK
1823,MPIRQDLLLILKWRKLGRTVRPLETRNDRTVARPCVCCYSCGLYTVL
1824,MSQSYIGFVIFVRIRRINEEDSDIRPFSTWSCAFGSMR
1825,MLQFLFDGKPPSVYCLAALPLVISSIVIYQKYPYVARKKEV
1826,MRLKKIITILLFSTIFFSVIHQYPIDIKIQSFGPSSHGDGTL
1827,MEGAGKTTLLHFHVHMPRRVRPMRMRSPLSLVAEAATVFGAR
1828,MHTNIKSRAAYLKHLILHKKTPCRLTDMAFLGVLLDK
1829,MDLEPATVLGIAFCSALVAITGMAIYTSFGPPSQELDDPFDDHDD
1830,VDHPHGGGEGRAPIGRKKPTTPWGYPALGRRSRKRNKYSDRFILRRRK
1831,MCQMMAKDNETAKFIFSAAVRFSNLMPSVVPLSVICDQLIVS
1832,MSLRQANSWRYVRKTDMQDIIFRAPAPTPKFHLEALQRPQEGC
1833,MSPANCAAHTHTHTHTHTHTHTQTHTKTHKSTRKRVISSIGLLYACSA
1834,MNKVLDPRRVGLVKDWIFYGSAPVLKQLQLCFFYYVRFWF
1835,MSVAAVPSAPDAMNSRHPSTAYPPMAAAWLRWHSR
1836,MIIKNSNNQLVRRMLFIPSRSFHSIVSMNLLY
1837,MTPIDAPAHDRLGGGGPNFANRVWHERAGF
1838,MLLKKFNSGCLDKLTNNQGPIDSEQPSLMNDDLQLLKQNCSEEFKGMK
1839,MLQIFATKEKPRNYYLRWRDYSLKNLKMPKSVFKTPKI
1840,MRNIFNSNRLWNFRIFTVFATNSEVGDLYASYERHFVKKIQH
1841,MDLTAVLFIISLPFVLLTAYFGTKNDFYESENYKGDGCAHDVKR
1842,MFLSNHIPKSLLKVPVPLTDVLMRSTLMMHLMSAISCLPL
1843,MQSVRPDNAADPIPLRQPQQGIGTIMIRFIGILAAAMVVMVLIWNR
1844,MATPIRITPAISSIQPDGRSRVVRRASFAASLVLAVRTYL
1845,MWIALSIAKETKASRFYRGAHMTYNNTVFLTINFSTNSH
1846,MAFLSSSDHCILNFFDYPWSNRYLNLMPLTKNNCLKGFYLQ
1847,MPRFPQTASIVFHVTRFGVHPLLDISPSISSITVNFDFFPSMPRIRL
1848,MRPPRPAARRMARILRQRVAQRRAVRRARPSPQQPRFRRLSCHS
1849,MIISVPEAISRVKAGQVLNLSPLCGGLPPDIAWPYLKRVGEVVLPEALGH
1850,MTKFTFEDELWAVKEYEKETLSFRDIGKQLGNEKRRALIIWLWIRGD
1851,MPANRKAHPGIYVQNGTRFPLEAPNGNRIPDFALKLGYGFR
1852,MGSVSLKKWETNLRWGGQLHSLFVYIVPLTFFKCTHS
1853,MTTGVLRIFSLELQSLSSPTCSQQTAYSNIQCCC
1854,MGGRQRTSLFMTSEEEERKLGKALTETGGSSQQQGKQAKGGKK
1855,MVRGRKLKVLLQKPRQHCGRPRVNPLKLRRKRMMFQWKKDILLSTSLTAC
1856,MMDLVVLNRQSLEYPFFLTHSTHSYKISSISFSLYFYP
1857,MSQNVGTIAVIAGILIRSNGFGTDRILSLKTIQHNVFLNSNLAPEGS
1858,MCFIINIMNYLELICNIDNFAVGKWFREVYAFRMKREPGKNPGQYPLL
1859,MIFLCTHWMHICRYKVSTFGSELTLDDLCGRNNTLVKSISYFGSILHD
1860,MSDSSSQSPPDVSAGKDRRPLIAFTWVWVGAPLAYGLYELIRKATQLFTG
1861,MKHIQTINKANLKESAKKGGCGKCQASCQSACKTSCTVANQKCER
1862,MKVRPSVKPICDKCKVIKRKGRVMVICENPKHKQRQG
1863,MKQLEAQCEMEVGSITSLIAFDASITIGTPIEQDEFLDNT
1864,PPSGCAFHKRCPYATERCATDVPELRLVDNRQVACHYAEQFVAA
1865,MAWFVIGG
1866,MPLAPAIGSTDSPLQSIDWIETCPPTSMAAPSNNNKELPMPACFHNPVT
1867,MHVLDSRLTVGRPPLAISPPNDCDLGSRNRCLDRSKWG
1868,MSLRNHIQKWRQYRQNLHELRLCTDRNLADLGIARSDIRRVAWQACN
1869,MFESSKLSLPLGFILVLAWMFKTPSLQFVSALSFGRDAFVEHREHVFAC
1870,LQVSRDVWLLSQPHLRDDHHAKQLSDWCVSLFAARSP
1871,MWKNGHHFHIQCPVIGGNSKFTFYTHFSFLMSNCNSVQFSLWRSEQC
1872,MGVWFEKGEGGSLPDTLRGYLSQLPAGVNRILRLILLQR
1873,MWDHLATLYARGNDAKYYQLEIKVRNLKQGSMSITEYYNKLQPYEGGRN
1874,MCRCIHRSADVTTKAVVGITTLRKSIFKSILNTELPMISLLTGKEQSRRK
1875,MNVSSKTVVLINVFAAAGLLGLISLRFGWFA
1876,MKNPMVICPECGEEREMENVLTAQSNQNVIYQCPECGFKQVNIKTSKG
1877,MNKTMTSLLTLGAGALMYRMASQYDMPNKKTMKRMRKRMNKMF
1878,MDRNLVNIRDLSAQSTNGANQTSAASTELSRLAIDLNGMVARFAL
1879,MKKISLLLICLSVIFIFVGCSGNKSENNAASTTAGQSSVDEKKEKG
1880,MSRYRGPRFKKIRRLGALPGLTNKRPRAGSDLRNQSRSGKKSQY
1881,MADTTGRIPLWIIGTVTGIVVIGLVGIFFYGSYSGLGSSL
1882,MSSDVLFCCGTINYTVAVRVFGTIIGLPSDSTNVGGHIDV
1883,MHNRSWLMCMKKFNEVVATDPKVESVLVPIGVGMTISKVKK
1884,MRKDAEETKFCHARRSPRRDWRQIRENL
1885,MVMTYKQLKLTDDLLFLQGYSVALVFSSNNFHPLPVKIEFATYNHL
1886,MGHEGPYVQVRPLAGGREWDAEPDHLRALTQDELLSALVAEVNARSRQPR
1887,MTRFLKCRENDQDDGTEFVLDQIIAGGLMRFTAKTAQRMV
1888,SDTPGVKAREDWEYRWSAIFGPYDTISPIPPMRYTHRKDDPMP
1889,MLLALQTAFRAEMPSEGGILGEKDVGKDNTAGLVIGRRSARTVGCAS
1890,MFLLLYIPSKLVIFRRAWLKLITRYCQPK
1891,MVLPVAVGIASAGIFAIFPSKRNGLGYAPSGEKEEEETKKDAGSA
1892,MLLEYFLAITTSLWQEFSLTRIFWTWQNMHQYLS
1893,MIGKLMFCAVAAVPMPAKSRDKIILYLVIL
1894,MIKLKNCSVKNSDFRMHFLRSSYFLQIGMHIQAAICRMQFCIEI
1895,MTSVRKALLAALRADMVKFHCEFASHKGSLYANSLASALF
1896,KKLFYVSILTSPTTGGVTASFGMLGDIIIAEPNAT
1897,MIGLCIAFLLFTFILKKLIIENIIGIIIGTGIAFLLIYLFNKKRK
1898,MAFPTSGRVIIHTTVGEIDIGLWSKETPKACRNFLALAMEGHYDGVIFHW
1899,MEVEYSSTCHDKIPICKALAAEVKINEALVIYALAKQTRIVIPFQQSAF
1900,MKKETLKWIVQIIASIAIALLTALGTTSCMGYHPTL
1901,MSMSLRKYAVCIAPNILLTAFECSTNRHLGGFCAMLLMWIARMASLLCFV
1902,MTQPNPNKQSVESNRTSLYRGLLSIFVLAVPFSNYFFN
1903,MSSGVISVSSTDCNTSPTFSPNSPAEMTHRIRCWISVLGTPALTL
1904,MCGMQNPKCLSLTQFNRLTRNYRAGILLSLYYTSELSVCLISL
1905,MLARGLAGKAAVDRLAGVCGDNEVLMPSPPYNTGPIACIYLKLQYP
1906,MAEGSYSTSPNEVANATTALFTPGNFLKIPSTEFTHAAQVIPPILN
1907,MKTIYLAGFDVFRKDARAWGEHLKALCAAHGFSGLYPLDKS
1908,MKVRPSVKKMCPKCRVIRRFGVIRVICSNPKHKQRQG
1909,MVDAVIVNDEQEANSINLESISFLRCLDPDAMIKEILL
1910,YFLGNGKVHFIINREEKVEKYRLMRVESILALEKVEILRKIGHINS
1911,MEILSIILIVLLIYAVFKVAYVALKILAILLIIFLIVEFGSKLLGG
1912,MKSLYTMDHSDIINNVNSPLLSAGSVVFVPCIPYPLGVLHA
1913,MSLSSMFLISSRVSDRVRYWSWACAERGS
1914,MNRMRNVFAVLGITAGLITAPGSGRGTLSSRKTGNAFRW
1915,MRTPAAGWAPPSYPSLPLQPHIRGSRADFGGEQR
1916,HQELPFEHLVDALAPERNPGHNPLFQFKINQHVLAADGRG
1917,MTAPAEAVIPYDPSSVDVRAEVQSDGIVSMNRGALGHRLNGHPP
1918,MFYKYNNFVIWGMTARILENFLNVYKGHYNKNI
1919,MEKGKCPSHQLSDGKHTEVRRFYSRSCLCNDVNFVAPGHRFNG
1920,MADTTGRIPLWLVGTVTGILVIGLIGVFFYGSYSGLGSSL
1921,MMRPMVVWLPTAWARTTTRPRTTTEPACTRVPTTTLTGRFSPVIAD
1922,MESEKASKSAKGEAATTAQRQFTVERHSGTHVGFVEGKILDAQATSSSF
1923,MTKIRKEITNQPPNHEYGQDAQAMVFTLLATT
1924,MSFRNADECRSIIYSDNLIHSGIKNKNKRKIALNFFAVLLYFYTFATE
1925,MLCQMESIPDWRAGIEWILQESYIRVHPFYNYNTIKMTLIIFILLIGYH
1926,MELYPIEICLVLLRQTQARFTITEEFQSLEEYIERSAS
1927,MKSKNLGAENSYASSIPAAAATTAPVSGAMGRCGILDLALGGSR
1928,MNLAVLLHRVFLSLAPATILLLLGSRRPGPIRVMREAPQIRES
1929,MLTRLIINSKRKKQIKGTRNYTIKLYKKRNYTIKIFRDE
1930,MFNVELKKETLRIHEKTLQRYNSSYDGMKSTCENLYDLRG
1931,MIKTEDGKEKVGFSLSGKIKRSDFKFAPQVGQSRIGDVVTLNIEVEAAQK
1932,MAHLVQLRLYVPFLHVLAATALTSRERVPGGRLPRGPGR
1933,YEHTEPVVKMFLERGMLIEINGEQTPEKIAEDIRKVLFLE
1934,MNATLAIVGLILLSFMLEVFCFLNKTPKGKDSIK
1935,MLRGKRSKLLPWTKLFNTQQNSTIREQGDFIIKHGKYRYSR
1936,MINITATQFKKRTYYLSFWFFLFRLTVLLVHYFFQLFLIPIIHSI
1937,MKITIYFGSHEDQDVRTMDCHLDVEDAEELVSVS
1938,MRIGRILTLYVFIRKAKSLFQKIKRQNILTKRIKIYFKKIKR
1939,MNHESEFI
1940,MKHEDAKSEAGFPPLPKHQRLGGIKKEAANMPPPFS
1941,MFNLLMQLTIHFKFRVRIAKQHPASLFTYEKFTAIDAETNELPISKNNQ
1942,MQKAFCYFTMQRTNVSSIKNHKSKIPVIYFFKIKLCNMY
1943,MPKRTYQPKKRRRARVHGFRSRMSTKAGRNVLKRRMFKGRHKLTV
1944,MNNIHFYIFFTASPAFFTLFMPRSPYAEGVIKPDIMRRTQ
1945,MPVGSGSYIAGLSFFNQFIWSALNTGNQTGTHGDACNIQ
1946,MPYIKIFREHVYKLNFFTCSRFSCLLLASLGTSSAS
1947,MPGRFEGLTDTQWRILQPLLPQNPPKNLKGKPHTPWRKIC
1948,MASFDAAERRMLDRQICMRCNARNASEAERCRKCGYTKLRPKATERRAA
1949,MIDIDAAPWRTGLATAAGYGVLLVVLFVALFVVPYLVAVAL
1950,MESMEALVYTFLLISTLGIIFFAIFFREPPKVPTKKIK
1951,MYASNTMASICDSNMCLRVRPCLGQWHRYMVTCKTTFGTLALYDLCD
1952,MQKIDAVNWISAARACAPAQCAAAFVSAMATPRHRADSETPRQPLNLR
1953,MDLGAEYFDIELKVIIPALDYSSRLVLLLINFLLALHYI
1954,MGDNSFLSPAFIILVIGVIAVVLFLVTRAKKKRNKK
1955,MIGRKYTSFQSKPINVTCLTFSEDKLFAINNVDGSVVIYDVKNIIYKEY
1956,MSSPSAASSEASVIQSRQTRPLLCSLAGCPSWAVRLMLSRT
1957,MALLFKLQSNLNRNKVHKMVDTEIHCSKPHTKIKLADSIRIEMI
1958,MLTISLSPEYGFNPSPGLDVCNYFPFPGYGELYNVNTGFD
1959,MCKGIIARAPSCTTLWGFLILFVIYSFIQDEICSTLSCQY
1960,MFVATAKRLRVLKSSDLPASSLRAGGGRKRAAADC
1961,MYIEHKKNGISGISWNLRGSCQPAGPMLIDIQVPFIRV
1962,MIPKSRESQSEDGEAHHRAEQARPGRLARAGQARPNTDETGSSQMRV
1963,MGFSVSSGPQFILVRLPFDFAQQTGPYMTQTRPPVQPLPGADLSL
1964,MSGAAPARAGRRAQLPLPRRAATQGQGRYGRGRLRNR
1965,MAIIHITAFFKIQDSNQFILAKIRNSTTCTPTNRQRAHTR
1966,MLQFAVSGIRVYGELHSNGARTTRKEDRMTLLQ
1967,MWCDAAFIKADQKMFVGRFHIATGELDVLAANLIGNIANA
1968,MTRARLPLTMRVLTHPLLILGAAALAGTVEIFALWKCRRQRQR
1969,MVPPLFMMSMEQFQQECYVPLPPCPSNWRMKMLWMFSRLQK
1970,MFSNKKLLEESLTHKTYAFEANMPLEYNERLEFLGDSILNFIVAEQLYKK
1971,MKCCFQSRSIHRSRLEFGELTASRIEPVNYTFYLFIIRNAL
1972,MTEPSLNIMTGNADAFCTGKNQLIKSIVPIVMEYGLYDKEGQRWS
1973,MIIEIIGAAAAVISIFSAGVAVGKYISKNDRPSQGNGRF
1974,NRCNERVFACSTFKIPIAIMAFDQKILQDENTVIKWDQITRETVP
1975,MPKTFYDSGTGHNYGRFVTPITSVYRPGSYVAVMKLGENYYYGGNFKIKK
1976,MKQYKLKPDRADVIVPTIGLSDGIIDSLYTQNMNKV
1977,MQTAQKVITAYRHKRIIVCLLVALATLGATLAIRFISQRSVK
1978,MKKRIAKPLNRMIYKRKELFYTALFHFRAASLFEISP
1979,MAEKQIKEKNIGDAGDRTLYLSHAKRALYHLSYIPSLTIALR
1980,MSFVIGNWCLFPSSPSAPSAPSAPQSPIPITPYPQRGPRVPQPPIPNSP
1981,MLKLYYKFNFATEPKKLPLASQIHCRSKDHKVPKKVLKRFIKRY
1982,MHEELHASLQEAAKLMSEQPINPAFDDRA
1983,MRPERESVGGMREEDGAGGGRRMAPASLRLAFL
1984,MIVAIRDILIKGKSLTRGKRKWQTPRRNQLKRKLLKR
1985,MATTKKTVLITGSTRSIGLSLAEYYTKEDWNVIGTARPNSNTDQ
1986,MIGEDDEEETILSLSLCLPIKKNRSFFLFY
1987,MAQKAHSLSHTKWLCKYHIVFTPKYRRKIIYNQY
1988,MGKIRISADKLLRIPDFSPSGFLLPDSPLYLFPAMLLGYDHL
1989,MDPLLMNRLQIAPAMSFGPVLTTLTDMISYRHGITVSITTWDIA
1990,MISSKATKTLAHQHFPKQHVNRTFTEKKHSFKHVPADSDFPTCLHIHG
1991,MKKKPVAQAEHQRYLLENPLVYGLLSRLRIAIVVNCFTLANKN
1992,MCPSSCTKQSPHHRSCKSVESHRPSFSQHTLCG
1993,MVFGLAEAGPKGEVRHYGEIANRAYAVRKIVDNLAGRYERLCF
1994,MTDKKNPNKDHDKQRDMDEKRKNLDHQDKQEQKDREQKKK
1995,MRVSKMTVYRLVHNGELPAVRVGRSFRVHAKAVHDMLETSYFDAG
1996,MYVKLDCEKNIRKYIPCSILVNCTAIVVRGNDLLLEHISISFVILH
1997,MGKKGKEKNTKNKAKHSRLMAQKKNRVKSEKELRKERLKEIIKKRDSL
1998,MGGHHHAGFGLGLSIVAAIVDLHGFGLEIGESELGGARLVLHCPLAGLAK
1999,MGNQHCLDFLTQVSHRAVSIWKNRSTTYTGRPHACAYVTALNTD
2000,MNQSSKPSQNSPYKSTEYQPYGKKIKKKGCGCGQKKKPK
2001,MEGGLLCLC
2002,MATFIIAAIVVVLMALAVMYMVKNSKKNGSSCGCGCSGCSSSKSCHSAKR
2003,MYIVGKNFKVLKMSFVHLNALIKHHNELAISSKNIKSHS
2004,MTTIRSSCQNNILIGPAFIPRNSLPGANRVIQSVDTKQGN
2005,MWYFAWILGTLLACAFGVITALALEHVEATKAGKEEH
2006,MMKTSLEAWTQMSAAEQEQALAGCKVGVEQMKMIIEAAKAQK
2007,MHATQATKNRPRGKMSTHFTAKYGMRNCQAACSRL
2008,KSKSTKFIKNSLLNLTVTVDYMRNKAKRYIYANFDAINTLILRQKGMKS
2009,MLYFNDKRNQELLRVSY
2010,MTTEMCDDSAPAGKGAVVKSRSATATRRRWSRRAPMVARRRS
2011,MALINLVYLPLHIGADSGFDGICETQGACRGAVGLVKSRKK
2012,DNDRLHDEGVADETAGKVQEGFGKGRRKVGEALKDLGDEIKR
2013,LLISVILCAGSCNFSEIVLAQTRIWFVFPLFPVFLMFFISCLAETNRAP
2014,MSEHTHRHNKEGPCHFSLMSLSAVKRLLFVAVPLLALWGLVVWAGGWLG
2015,MNKWQLHEAKNKLSNIVDTAMQGTPQCIIQKGEKKQL
2016,MVLAVGLIWSAHIGMDRAIGYGLKYSTHFKDTHLNRV
2017,MRFCQNSWGLLASGNKQENPIIAIFSIILFVYFLMYLSYKLSYKRRKSGL
2018,MATQTVEDSSRARPKRTGAGSLLKPLNSEYGKVAPG
2019,MLTNCLRVIRHAWHFYYALGSVVKVVCGGLGIACLTP
2020,MHEPLYIADYRMQASAEMDICLWLLSR
2021,MTGTPTPPQEHDDTGRPAEPPAPERNDDLPELPDPTEVGEDG
2022,MDVPTILCLTVISLHSLPVMMAQAALQTDTVGVSSHQQPSHGVSKTKNS
2023,MGNLRWKLCGLVWRSGGSFLLPHSLCLLQFCKLKYFDSA
2024,MNGHTLDLYNASLYEKDGGMGQVSLRLTNSASDDREKG
2025,MPNPIKNTLKPNSDMGLTAVKITRLLRDFYATFLKKCIFM
2026,MTRHPQQASHFYSFIMPDCPSYQRFVVGTKDAIPKVRQPLED
2027,MVQVLIYLILHKSSDGFSPGRTASRSRSFQPMLVVCPVVAVI
2028,MKKIIIASIVLSLANIVLGSPLHQMNSFSNNGVFPAPVMILAE
2029,MDLVTIAWAALTVIFTFSLSLVVWGRSGL
2030,MQHLCKLNYTFFLSSSFQPTTNELMELCFVVCTALRVEPKNCVLRPGFIS
2031,MLPCIRCSACCRASAGLHAVDLRVAWANGWLHSGRSAAPSLVLCDGGYRI
2032,ESYQAQMMVRGDRYPQAMANTTWQNSETPPLSSWKAQ
2033,MQTRWGHPASAHTTGESSTISIDDGGKAASTTHDGGCSAQQ
2034,MASRIGLRMQLM
2035,MNTSTLRIEREEEVFYLLVGILILWVISVIRSQNMSNLESEP
2036,MHPPLGPRPEPTHITQETHRGASLRPPPSPPYGGTRAQVLQELRETPDCG
2037,MKDLYEKDKLDE
2038,MILILIFAEALALYGLIVGIILSSRAGQSRTD
2039,MVLAWLIHYDAPKAATALSGLGQLKVQLPPGG
2040,MDEVTRDIQGDIPCCMLFVDDVVLVDDSRMGVNGKLKLWR
2041,MLYSVGTAPPLSAAPSMSPYSSLAVSTPSS
2042,MWGVGCGVWGVGVVGNLAEISLNPHLPKSLSRSLPTPEKENFTIKITAVL
2043,MHIKEISQCTSIYTTVLLVMFDSLSAVLAASDDATANPSQLTDNHASHST
2044,MIIHNQPFHPLQIGKKQPESSLKKLKQLLINKKASRRTEISIYII
2045,MQFRKKSRLIQNKKAVASSQSIIREEATASNFYYPCTFAIFPCSI
2046,MTIWLYIEQVTTHKISSFQAAAFFEPPQFFDMPPKKNDQHLDLFEPRAN
2047,MAGGGGVLPRVVGGRGAPGVGGRQGVADETVRGLVMLEVGESGPEVVRW
2048,MKRYERKWKHICLKRVAHRNAQESTEPKTETRKEHQEKQLVLQK
2049,MAIFDKKGLDGLIALCLFMFASFFTLILLHSLYRFVKNIASSN
2050,MTQPIWGTLCGVTALFFAALYLRSQKILELRRVPPNRAAARYRINDSIK
2051,MTQSNLNEQNVELNRTSLYWGLLLIFVLVVLFSNYFFN
2052,MEENKIYFVTSKLCFLLNGKRRIINWLSAISSW
2053,MATQIIDDTPRTKGKRSGLGDILKPLNSEYGKVAPGWG
2054,MIVVDLSLRYPLMGSLLICWTIFSCFQIFLSILVKNL
2055,MVSDGMLIFDLVDLIIAILRGQRGAAAPVPVPAPVS
2056,MKKKLLVTLLLGLFFLAPVSTFAAKGDQGVDWAIYQGEQGRFGYAHD
2057,MMHQSGEETVNLKIDSVAFLAKILRKIDQMIQVDGMKAVVGP
2058,MVTVSPSFANSTNSCTHSYHCSCFLRQRKCPSRSLQ
2059,MRITNASLRYYMHIANPDALNDTEWAMRVKELEWIRQRESESYGE
2060,MAQFLRHRKKILRDARHKSCPPDVVLCFLSATNPLMQNR
2061,MEGSTRPRQIPHGPSTRLCDSPCRYRSLFPKHAEKAFFLGF
2062,MYGAIRNITVIGKKVFSYSILLKVLKKQMFFGIIKITGEIMILV
2063,MDVKDLKILRMLNNYEGNEKEIFELIQAEAMVKFICGKI
2064,MRKGVAMKGVINVTSRRMILHYTIIMQLSLLRIFSFIKL
2065,MLPEITAVRHTVSPSSLFSLECLEILISVMFSPLPFSADMFVIWIIPTKE
2066,MDKQITMKIPDEMYRDLKEISAKKGNITMANLIRRAIDDYIRKNKLKGIL
2067,MSNTGTTGRIPLWLVGTVVGTLAIGLLAIFFYGSYVGLGSSL
2068,MLSSRTSELCHILFHFREDFLPLVIRSTEKLLNKRIQTCHNPSL
2069,MTARRPSTSRSAKCVGGSPFLGAVNTSGNDVMNPLSHVIMGV
2070,MVGVDNSGKTTIVLTINGEDTSLVTPTLGFNINNLTYQKGYQDRPY
2071,MSIVPEDEHQKNALGWAARDSSGLLSAFKFSRR
2072,PYLDIFDSWLSRGMDWCSHRLSDDGLHPNVLGYQALLQDVLEWEAFRFL
2073,MKFSFFECRLSHNMLLNQLGVAYFRFVQNNSVSDFFQ
2074,GYWASLKAFSLGKSLSTGNSKSFFVRQTNKITNKT
2075,MLEKYVKENRMGQTDYIASTGQKGPYGPLYLVYCF
2076,MKRAVARLEPVEIEYFALLTLTNSQIFRLQKLPLS
2077,MVQRTPKKGLVMAEFSSAPAVFRTALSTLSLGINRNSLSSSFSNPHI
2078,MDRYTDICLDICPDGYEAARTSVHRVVQFGTTITARRTHRRRRNQ
2079,MIFLEGTQYGRSIKKTEAEVEHLEKKAVQLGKEAAKKR
2080,MCLRDDQRRNARVHRRDLLPLLLDTHRCARLPRLPRRRHTC
2081,MHEVLIRVGQDSVSSWVIRFFLAVRIAWATCFVQGVTKNILMD
2082,MAAQGFKVRMYLQALFTQTMSIASYNKLAA
2083,MKRMVLGKSTYTGSSSSNKNAMNVALFSSITSSSDAGKE
2084,MALLDLQDMEPIEHGHGGGEPASSLSLLSCVSSVSLLICL
2085,MMNKMKTNNFLHTMGMVFSALIDAKAVASTLNK
2086,RTSIQKEWEWRVSRGESLNNLRAFEHLIEDSVDED
2087,MKGDEYNMLKHLKNHCCIYYINFYNHIRITNN
2088,MKTKSDWCNFFLWKTNHLVVWNY
2089,MLTTQIADSFKITKLNGLSNPVCQQAGENEIFIYQIVAIHYNSFYQK
2090,MQFKNILAITAIAGLASAANNSTLTTATPSVKSECSF
2091,MARSFDGRGASASRSMESSAAAASSSRRLRLPRSPPRPSSR
2092,MNDCQLEKTCTCFPKNMYDFFQKHVRVFSGACTAENSNILP
2093,MNERNEKKQAPYEQEMLARMALSLIASMRELSLDQEEAALKTALSLIGR
2094,MSSPATAPPAPNNLKRIVAASLIGTTIEWYDNSFDLG
2095,MDAPEMGLPMNMVITAPTARPIIGEASALTPTMKDAVAR
2096,AHLMLESVLLEPTDGDITTQLHERFDPRHHRLDLRQAPLM
2097,MTPLMAPYFSPSRDTKTLCTVWHMRRMASALLLDQLTKALLSGHQNWKAF
2098,MKRKWILMTSIGKCRTIGLPKLSSHFRSPYQVRLLPAPSAVLQHC
2099,MGFLWGHSRLKSGITFDFIPQSKPLGGSTPQTPRWERGAVTEPLH
2100,MLPGAGEDRSACTGMAELYFLSQIGAQMSFFWGKYNFDKSQEKANTS
2101,MKNVIDSFVSLGHWPSAGSFGFNTDILATNPINL
2102,MVQQFHSSGMHLINNFPSHSCHLETLEIEASDLPA
2103,MMPATAARLKHGVISPYPLESKDNGDHRITNMEHKHGVESAR
2104,METYQNLVMPTKISHSLVQSQVLTCPQKFSAAHPQLAACLGVL
2105,MQDELGRKSDLPYTTLTKIETNVITKPSIQTVMKIAKGLGIGVDDLIK
2106,MQPLLIKSTLDALHSVTRLRDFGQIKSSMLTPEALVRQDLWFRCNILTY
2107,MTQSNPNEQNVKLNRTSLYWGLLLIFVLAVLFSNYFFN
2108,MWPVSFRTSSLAFAPSLLATSNAFSIGNI
2109,FAQALQAVIDRHDILRTSVVWEGLEQPVQVVWRNAKLSLD
2110,MVNKITGSTLANHYICIDEILLIPYLVVWVGLFPSFNPDLV
2111,MTIPTDSEQQRTEATVEPAVDESDDDEPPRNTFKYKSSHPEELIL
2112,MRSLTNFAYHRKQHENIYAMKSNKHSMNSTY
2113,MLASDSNAFMISSTVSAEKHLLMVGSLFKILSSSG
2114,MPWRDHVNPDGEVVSCCDNVIITGYHRLFVHPLWIFIMAFDVHSRQSEAG
2115,MTATHLIIHGKVQGVFYRDWTVETARSLDLAG
2116,MEKLHYLIFTVSRELWITMLNLGVLIYLLVEMVK
2117,MEKGIEKEKIETAKEMLIENEPIEKIARYTKLTIEEIKKLKAEKYKV
2118,MEATNKLIKDIKRQAFGFRNFKNFKTKILIALNITKERTNLILSRA
2119,MYGTAPGVASIETAASLGSLYTAAIFASVYALVYAFVAGAGGSGALPTE
2120,MLEKVKDIPPKILIVNGNQKQWLQNHPDFGAFSIKKTK
2121,MSRRERRKAKQDAKHFTPPKRNKMSSAGIAILAVIVVVAWIAFVMVRN
2122,MHLKVDDEVVFCMRCCFFVRRQASGVQMPPVRAGLFRGGHFQGEAVASRL
2123,MGGPTGQGVAHLLLHRLAAVSPSFTSQTVGSSLRVAVRCSV
2124,MATHSGKLKTITTITGQRRPETLLSMNRGQALKLSGRIRRGRA
2125,MISSSSVGTPKERGRSTPSTRHQRAVSEKFQEVKEL
2126,MNKCLLFIVRFNSLFVLLTCVIVFLTFVVDRMKFDIFPYYGMYSVM
2127,MARFPEAEARLLHVKICMKCNARNAMRATVCRKCGYKGLRPKNVERKGA
2128,MTVFHQNTVNIIHRRRLTITFCYRHFVSDIPFYYLPLNLVIARSGCD
2129,MVFASMSKITDSVLDKCCICEVAKTKPRLRKEAFYLQNLGIF
2130,MINNSSKVRENGESYDVDLVVNLTVKIRFFREWINFIFVIYVGDYG
2131,MEKLFKGAKTVIKQQKILKIFLYKWVQMCKLWDGAFSASW
2132,MSEFEGLFVGLVHEEASAGDTTFCSLLTLLGRRLPAISYQALASVGEEY
2133,MCIYICTNVYHNSSRGSSLPDASFILEIQFGICIKTIMQLGCRSIK
2134,MFPRNNKKLFSLKNIPVSFSKEAPTPKFHPEMLNSITQKKG
2135,MHNQSKCIAVISVLPIVKIKHFLHKVFPQRIRAFITNKKHL
2136,MSGSISIEKGNKDCDSGDIIFLEAQLKDADAQLDTLT
2137,MDENFSLSKVNSSGVSFSNSSITTEDLPELLLKGTTTRSRRT
2138,GASGLIAFPRV
2139,MCGFCLLLMIASSNPYAECMGDRLYDLDVSENSLTIQELASHAFKIA
2140,MMRLKEKYFSSSSKGTMMGIIQRQLMALNIPQKTMTISLHTLRNYTGLSL
2141,MYAFVLGWWLKINLFLYSLRRFSTVEILLSGALAGGYQETTSFTWWAANA
2142,MKNVTDSFVFLGHWPSAGSFGFNTDILATNLINLSVVLGVLIFF
2143,MGYNSERPCNSGVQRSIRDETSALKTRAFEIVV
2144,MLPWLSPSQLAVGVSPLESLDRWLQEPSDLCTCQYPFPNQSLPTRLAP
2145,MITLKKLKNSKTQKLKNSKTQKLKNSKTQKLKKLLAIL
2146,MVKTLFSFLFLFPLTTHGPRSELPSITESH
2147,MVIHPWWELKGEVPQKDSVVIGQEVAKKFSLSINQPLILNGGKKH
2148,MDRVDELVAELEKLSLEELKELFDKMSDTLDLLGWIKLNEVF
2149,MLLREVRRLPELLRRRVSQQPRQLGDLRIGPAAAPR
2150,MRSPSPTVLDGTGSRQHRPDARRTDRRLSGPGFPNRADLFVLTSN
2151,EFRFPQIKAHPWHKIFHKRMPAEAIDLASRLLQYSPNLRCTA
2152,MVCRIVCSNVVGVDGLYTHRNWNSHDHICCGKFTGRGTRWKDG
2153,MPIPIAAPSGDLDPLPNCGLLQWLRSPSISAH
2154,MSLAASSVLFPELEFGVADNGTYPSEDFQRVLARIAFDN
2155,MVQNKVAPKLLDEVDKRAINTRITLEALMNHQRVQGLFKNYKSSN
2156,MLRRISGSRGRGRTEMAGRMPAAAAAARGSRTRERGG
2157,MNIMLIELGVGSELSGEKSKPMRKRKTTSPRAQVVSQRAGR
2158,MKVNPSVKKICDKCKVIRRHGRVMVICENPRHKQRQG
2159,MFLICAFSVQGIGTSTFSHTKIHISPLDVLFPCNACPLIG
2160,MLIMMHMEEGVLQETGMIVLLWTLHLIFVDMDGKNTLQLTLCQLL
2161,MPSSTRAPPYWPRSPLVFRRNAAQRAVAAGDLLLLPGSTGPWRAPC
2162,MAGLRDASSEKFNILQSLLRLKSSRDSSSWHVRDFVGAIQRA
2163,MEVVGRRIKEIGGFLRFRLGSIREVPVRRRFPVALVERRSI
2164,MLQNCVVFCLQIQGSVRPWPQHVVWNPWLVYWSVKLTQPSFLWFVHWIGF
2165,MLLMRLPYLKPYNSGFTVSSREQPIVAMPDNGIPAYALQMGTFPDWVY
2166,MEAIKKQAIKHREQVAKQQQAVLKHLLHLGIENIAVHEAEIECHQQL
2167,MAANLDNSVSDRDICFCSEADESVALNSESFFRIPSN
2168,MAGDPRAVRSAGANSGLDFNRFAAEVAVSSARVLLHLLSVLG
2169,MRNIYTLLELNMSEQHKAYSKPKKSSTNK
